sider_id;availability_type_options;availability_start_date;availability_end_date
si_1RI4jrlsfeQJnA7Bw6yWrEoj3yA;{day};2022-09-12;2023-01-12
si_1qie2LrraKFGNz5Y23e20eBmjtt;{day,night};;
si_1a21yC1i91YKWzLccd0SOsrWAI4;{day};2021-05-20;2021-06-20
si_1rDjTpA39g97jUxC871PTivDwXf;{day,night};;2021-12-15
si_1Savo4DmRDXEHqSLht9DYPAZkil;{day,night};2019-12-21;2020-04-21
si_1PxGQ4uuJtkDlb9rKXRUt70Kq8Z;{day};2019-09-26;
0hw5hBYbTkM4kG1CZ;{day,night};;2021-10-05
si_1bJwIVmdU5TlhldHpfVtIo6rlbf;{day,night};;2021-05-01
si_1mFirMLmMy8ergAU1LG20hFBxmn;{day,night};2021-01-27;2022-01-27
si_1RbbSxGDB8WF3PvYG7VSXb21Jhp;{day,night};;
si_28JUG8lbWP9VLbNsDuN8fsBNyyQ;{day,night};;2022-05-26
si_1bSSpvyu7i6VwcgW6xISc6cxtNS;{day,night};;2021-09-09
si_1z2yuflLhY8Gfvr4VhHqP0sNeMo;{day,night};;2022-01-04
si_1ncGpTiLABr9PWK2Mdca81tQuN9;{night};;2021-03-26
si_1XP58f6u8eESUyZjmI4b8X51bWZ;{day,night};;
si_29wSlN99iUR6imaFrvjCKmgBAUS;{day,night};;2023-05-31
si_1UTZgXljBpU7JpC9uQ5iKEnioYA;{day,night};;2020-01-03
si_1gbGpZnIDah2c10nRoim1lR6Agm;{day,night};;
si_1dXcwcEP3qVV21Axa0sLcihUrte;{day,night};;
si_1jgWLMYxLPlDkeizDq8n4HDov8l;{day,night};;
si_1mt1RBM56reaXvN3sltefPitmce;{day};;2021-12-10
si_1r9clJH31wLvVeHyaBSFlqBvKgr;{day,night};;2021-08-14
si_1SCU3emX7xq2RB3JOW2jqTyIZPr;{day,night};;2020-09-14
si_1SbNisqokub3sadoR7rPjAvJhot;{day,night};2020-01-23;
si_1Wmm9Fvj0UgUKJtYYt2FEuFYk0p;{day,night};;2020-12-23
si_273edxWrt0LTMnZIppcAv8DOYLO;{day};;2022-09-07
si_1UrKJR4OKNV9bQIukLhjYA85p1s;{day,night};;
si_1yUPESiDzlUqxVQKQrvAKNbtiUs;{day,night};;2022-01-22
si_26mNtdeqzBumDmSCcNPPabgtxoG;{day,night};;2022-12-23
si_1n7beDymHmaMv7sW1VE3N8TbTUb;{day,night};;2021-09-14
si_1jkKlPm2KdcgQnOg8M2w3SqTTsk;{day,night};;2021-02-02
si_1TeV27D5exMjaaA83L39fVvkAlK;{day,night};2020-03-30;2020-04-30
si_1Z2vXKwyk5r1TnNjlFUHbcK2fyz;{day,night};2022-09-07;2023-01-07
0mByiHSADmrSDO7NC;{day,night};;
si_1zYSEdcEWedbDr66OYY7oXVPgvk;{day,night};2022-01-30;2022-07-20
si_1vJjBvyv0SqMimJc41H5aZRFsic;{day};;
si_1QIQfJVl1iQ4J2RjWr37QULKuP7;{day,night};;2022-12-04
si_1dg3UBQp3FL2dRcQ9Qz1can1tUb;{day};;2020-07-22
ArVaXA9qPCuf4fIh7;"";;2020-04-13
si_1dRViXe8l8ynXs50WLhUmPQiDdG;{day,night};;
si_1gFlmjBWksaXUmnSE8E9QNXsX7q;{day,night};;
si_1jAZkOPrr2UhL0CI8uN0lYcKBdc;{day,night};;
si_1nD0beI81Pw92mGBLFYZYKno58v;{day,night};;
si_1o7eg35DLvOGIJYQBy8eaiOYdJh;{day,night};;2022-12-09
jpamPcySZbgAoZsPC;{day,night};;
si_1qf2iHy7bL89l0vbHSaTwkVBuHm;{day,night};;
r6JCjC4Eo2QyEAZSb;{day,night};;
si_1iYEk4JtqMJRpVro96fWUIn1Ceo;{day,night};;
si_1PrOmbsanU19NhFevHQxCSIYpYu;{day,night};;2021-03-17
si_1Sbep7OvI9yUaPK8n0iWBsk3T52;{day,night};2019-11-23;
si_1UNRjf2KyZoWVQoxE45SX7nz6t0;{day,night};;
si_1Wi71xZdcelCRQY5HXtTJZVbTXc;{day,night};;
si_1Zwxs4B4oNnRKpB8HVxLk8YTcGr;{night};;2021-04-01
si_270eTMBowbshEpPh2w39jsFjYqM;{day,night};;2022-05-13
si_1SEkb6EOhz9D4cro02VbUv51y1b;{day};;2019-11-15
si_1UU4ATHFH2zQYw6RzpYMS1ODk7E;{day,night};;
si_1WI4JoDTpqL1SwMm5tUe9Z04eey;{day,night};;2022-12-05
si_1yNDYwzPAvW9IOE9TFbtelrFPyj;{day,night};;2021-12-19
si_22KOjHvW3tiWQKZZYv1dB4UNgcp;{day,night};;
si_1yworG3v5oBgpTdbF39hz9XsLcN;{day,night};;2021-11-02
si_1TTPcai28k7hbDrjkkgRcWDlvlW;{day,night};;2021-12-07
si_1mH4L8vomiwg27ACJjuGVZkCPB8;{day,night};;2023-01-19
sF4YcQ6CHo8cMOE7i;{day,night};;2020-01-12
si_1gMwq0EYvr5qJP2aC2y3rIGQLhj;{day,night};;2021-05-20
si_1QHxRU1ju0c56NxiSBzmnJN4bn4;{day,night};;2021-06-18
si_1TC1OB2ASpx3nFQIZYC3XQj4ZgY;{night};;
si_1vJgeea9NpOnKbTaFfg0gKA1wD6;{day,night};;
si_1yPaElufPRW4aI2yAQCu0ZLFk21;{day};;2022-08-20
si_22WRqVK9Plzes1kexxlFDSJQvCp;{day,night};;
si_26Mu1sXT0dLUvwIuoHQ8upknSM9;{day,night};;2022-07-14
si_26qglDNLYLNHF4SNYNwrC3vea2H;{day,night};;2022-04-24
si_2090H46aSu109Lz02eO6kUHycCU;{day,night};;2021-11-28
si_1XhieAGVqrxirwPgXcqwW0dmtXI;{day,night};2020-04-12;2021-03-12
si_1vjMBKqcCyCdesdDn4Za8fPGAog;{night,day};;2022-06-02
si_1TC8A6XYVYZeQUEQ3x5vqi76g7y;"";;2023-02-17
si_1RD7K6qV7UHuNjrrv06sGSyWDk1;{day,night};;
si_1mvn7RTLN5o2MSkFDG1HVkn7bt7;{day,night};;2021-12-18
si_1dSBOGa8bhXhIP6cIeWGg3A4m67;{night,day};2021-08-15;2021-09-15
DRqhaiLd8aGpBfcyY;{day,night};;2022-03-25
Ar87b5K8jPNqYxFp7;{day};;2021-09-30
dEKGWgcZ3ZIv17IG1;{day,night};;
k191Sa3L3DxjJZbp3;{day,night};;
si_1WG31FGsTKyaEL3vaqZ3tKyWBFJ;{day,night};;2020-10-02
si_1TwSUrxnqkMqAx2HRs0edwlkDZl;{day};;2020-07-21
si_1vJZONyBdr3TsxAI8ShtNxBDvLy;{day,night};;
si_1gYXKJ3n0qN63uzAvbp0seunj9W;{day,night};;2020-09-24
si_1RJNTflr8prnkQeH1ztoGcoD41V;{day,night};;
si_1S7NHgUcWhSXlErP2dYIpSZu8pH;"";;2021-03-30
si_1qJ4RkCvgz92xp5Bh2Uaxxczocg;{day,night};;2021-06-04
si_1nhsWfPu205CTFAXtTfRUOIefqp;{day,night};;2021-12-04
si_1eBkaxxUUi7BbyJSbeI6oYnO72v;{day,night};;
si_1fXuvvuwpOaowR8NGTjJNptjmFv;{day,night};;2020-10-07
si_1oYioVW2vuXQ18brVLCWUG6mRcP;{day};;
si_1PvJ1rR8IrYrPVSH3TLMIuwWgcD;{day,night};2020-12-10;
Dsyq3atn6MscsRsnC;{day,night};;
rqmbh6Lw2CidmJprE;{day,night};;
si_1hj9r31TCNqF7F3xnRHRXVBxZ5n;{day,night};;2021-01-19
si_1glDkoc1EwylGidFrm3cJ98Dw45;{day};;2023-01-13
si_1mkWcnvbILnQ0Boa86XpVqBYexR;{day,night};;2021-02-07
si_1p5Lu9ClTg62GcmTFN0brqO0iDy;{day,night};;2021-09-27
si_1Rb8RAbhxk4BG8IQWOrgURjNizI;"";;
si_1SbeDdUOzfpQnYIJKTgz5rRMjLw;{day,night};;
si_1THntk6xnocImBVOEdNo0ZWbpzt;{day,night};;2020-03-07
si_1UKPJpMmNGw3UhakalS1ZlR7cYK;{day,night};;2023-01-19
si_1vQ7pGpsdekc7HI6dxN1IqJFLzM;{day,night};;
si_1Wly1qAiUVjokpOPxIiyMzNIQVt;{day};;2022-06-07
si_1Xq1NnkjiyIlpbldHtR1dy0tsyx;{night,day};;
si_1z3S2tniHBYYCw2flJz793r1WYI;{day,night};;2021-11-04
si_27Cmnu9P8ZUyYzKtKvOexTv6r6w;{night};;
si_22FKcEG3BYAKDZHh64jkv0tLaHF;{day,night};;
wIMtN0MMqDkEXtB7H;{day,night};2019-09-09;
si_1sdCqJpdjCI2ap905azaPootlEM;{day,night};;2022-07-25
si_1TKMzOfOWRVsMsn7JThLGJ2jgTO;{day,night};2020-02-08;
si_1ULS53UZsYzOPrIjxPvWONeDWpW;{day,night};;
si_1VNvb79pb4oD7Ch732m1XA0zu9F;{day,night};;2020-01-23
si_1VslKTIhwcUoojuxrzRHTq9qYbu;{day,night};;2020-02-13
si_1woFeh01XX35t6wRiOacJsfkNpe;{day,night};;2021-12-16
si_1xs5Dq37EP9fUzgRVD8ooUgSRqs;{day};;2021-10-08
ovJsviEI26eTrlAZs;{day,night};;
si_22MK9IedN6iKIZKmy0O2vgkkC1Z;"";;2022-01-16
si_1QJOHSelbdPCBGBOc98PBTardTB;{day,night};;2021-12-27
9F4wx9LcS1yuQDItd;{day,night};;2020-07-23
si_27f3dvZHVT4rsEO0iFUyUUyHST3;{day,night};;
XIq2DSOGxkbpkoy3R;{night};;2020-06-02
si_25kYg2R0R3fZ0HQ6VRQEIJn4eFh;{day};;2022-03-28
si_1jqHqV0fRly34M3kocsQghfy1WA;{day};;2021-12-09
g9pv3nCsEKFTLq8ot;{day,night};;
NTfP0nnBQKV8sWg74;{day};2020-07-05;2020-12-05
si_1dYGCBYDiMiuNdkiQx1DFJZL4ag;{day};;2021-06-19
si_1iyaMZaQGZH7vwg1wFjsuYV8T02;{day};2020-11-18;2021-10-18
si_1mI3YsYCqBmT1dKq43rGPVcvOYY;{day,night};;2023-01-10
si_1Py1xdFqtaIsLOeBNBx7D2JsTMq;{day,night};;2019-09-26
si_1RICB58cOGile33wHFjJMvAoc5F;{day,night};;
si_1sDdLQFYzoipOLQhaDAzmfcD6ZE;{day,night};;2021-12-07
si_1TxoPraCuwhkn0AUxTtSyjQktBq;{day,night};;2019-12-22
si_1tekOJ5SBSneFSYLT4O7TbZFvsn;{day,night};;
si_1VtRn7sivdvQF5jvQ7BBpfqtNFQ;{day,night};;
si_1VkuvH4xI8yApwSd209AHYairK2;{day,night};;
si_1TezBwPvmAYI3Ui7yg6yHbPBJwz;{day,night};2020-04-30;2020-09-30
si_1zX3hcR3Y35pcE92Er8k0h3k2lo;{day,night};;
si_2Bla6VoLl6vmtbxAsNw7TR8eoLL;{day,night};2022-10-01;2023-10-01
si_22N8zgbppYb8JyBqd8bDSTmBFVl;{day,night};;2022-01-16
si_2Af3rV5oYnbvVhasf4mw31ka9Wv;{day,night};;2023-06-16
si_28FRhmlYOJFTOtvWrEjkg9VFEA1;{day,night};;2022-05-24
si_23ykuTCcaYjNNTwUHgYzuOgfvJW;{day,night};;2022-07-20
si_20RgCI4HjIz4RQARruxxKjhXrf5;{day,night};;
si_1yS8m4kElKI2NdWsOMyHoIXVtly;{day,night};;
si_1XISHIyamK9rPJLcryHLmhv7TDe;{day};;
si_1VtaUI601DLH7JKQ4naBpBkw5Ue;"";;
si_1vqVEOdHNFoKbUTGbzFYzpIuEWy;{day,night};;
si_1TlaiqOLpotKk0YHRE3dM1CDIhY;{day,night};;
si_1tFzuotfwnFlcpSuQnNo3uIc3E3;{day,night};;
si_1sdU4aCb0nX47VfJd34JMM8tBik;{day,night};;2022-06-04
si_1RCOlbe9JJ4rhjoL7c6mOaRsWtP;{day,night};;2020-12-18
si_1pqj8VUididwyFvwqs4yGfQadhQ;{day,night};2021-04-16;2022-04-16
si_1mZMEd7LNA4LJy2zjJPmBbnCjsl;{day,night};;
si_1jefrvVrMirQOqu689ImhsFUa6I;{day,night};;2021-06-06
si_1dzkv5SsmJlsQEWZXg1TZtAbwOA;{day,night};;2023-04-16
si_1a665WFRJ91Fwe7IqskxVehmCsv;{day,night};;2020-05-14
NvtWGWNESrxqk6aRL;{day,night};;
si_25n2SyQSLpSTRBrncLJcPesQoZ9;{day,night};;2022-12-01
si_25NshlTOzxFY3JPj8D2jXOW1J4U;{day,night};;
si_1bTw8TSTtchdGZoeVT060pEKVCq;{day,night};;2021-05-05
aT3FWjr8d8ZzQZLj9;;;
l5IdU6WPYBZqUDU0s;{night};2019-09-30;2020-08-30
si_1bHYvehsy8ErafWidCExd0enAJC;{day,night};;2020-05-31
si_1Xii0MPrq54hU06IFA4MRpnyWhD;{day};;2021-01-12
si_1XkUCU9IBM2d818QI3iXWeZgWgK;{day,night};;
si_1Wfa0VgptG6zJM2K3hgwL06XgYf;{day,night};;2022-10-11
si_1wfuSfmC9dOxuDrWfdHqUR4RzBF;{day};;
si_1vRkQshDq6jJXW7QaQXGwWHSKRO;{day,night};;2022-01-17
si_1vKTt1olnUdGRjnbj8wbUyNohoE;{day,night};;
si_1TwFXol0MhT4T5l1f3SwJwbW0yc;{day,night};;2021-07-19
si_1Uk6xqe9RbQWOt8pBpW08HukJUP;{day,night};;
si_1TCNrBspYPr2FPaHRcdO4X5QYsj;{day};2020-01-05;2020-02-05
si_1TCOl6SnFwcAUOJQPUoZH856m6b;{day,night};2020-01-05;
si_1sD0vGORCy7BkO0Fa5tCvsiWjIc;{day,night};;2021-06-07
si_1s7pBqAqkE0k1L2vt0u6OrRcn1k;{day,night};;2022-02-03
si_1rD8Q1267AKyUN5ajTwFNyxcE6i;{day,night};2021-05-16;
si_1QjNP3QWqfL35yulM0oBXhzChsV;{day,night};;
si_1pq1NLWak5wtntLg3AMjEm9Q53v;{day};;2022-05-17
si_1nKj8FEyIhWfCvCe54nPZW9Pgx4;{day,night};;
si_1k2nIeom1ScoU0bb7IVkHd0TZFM;{day,night};;
si_1kCUEesR3bR2H5XfwGB5FKw11Sn;{day,night};;2021-09-12
si_1j3tY5vUayuBVtftjjVDfQG3ZSM;{day,night};;2021-01-18
si_1gGUVGh7CxX4DkJhURB2pHl1fec;{day};2020-09-29;2020-12-29
si_1bReQdBBkjFPx75DBHiZjqxgP7s;{day,night};;
si_1n46t4HXPoPH0hqTKoKlfpfErEN;;;
si_1pOUQ747LlHWtGx8DwSmTH0nJdA;{day,night};;
noIXXmSBDwHWWswgq;{day,night};;
a58gHYZClO3kkHGSv;;;
8UZYynoJwVQRhFNvo;{day,night};2019-09-20;2019-12-20
De1IYabB70rxGEFDI;;;
P3m7Uwq0lxkk5pF2M;;;
si_1bRPtkJT0EkRtByb9feXxo5e4MR;{day,night};;2021-05-04
si_1bXDRJKhqCOtUitXhlo3SWZlBIz;{day,night};;
si_1dUtIHUKnQK8IL7pypa1njlFhhv;{day,night};;2020-09-18
si_1giOi1exmecYzEpis3auCzzFV7f;{day};;
si_1jpR6OjwX1l0ioAJAdOwsNE9Mcw;{day,night};;2021-03-04
si_1mi9z3t7qcKS7WkmZqDF9K7JM5m;{day,night};2021-07-09;2021-08-09
si_1mt0V4SSd4loqb1AzRfWECSBUdy;{day,night};;
si_1oZhWdeyFDyd6xQcPoKbii4ELHH;{day,night};;2022-05-03
si_1PyBcNaFSMnYB3wYMeRPIGv8TRr;{day};;
si_1RA1VbiOdb0ELVXEH0HP3lMjGXP;{day};;
si_1rGfJV7cIzGysEJYFBqRvWDSqrL;{day};;
si_1rJ0RxZBkVcbHhBRxHtXWMxjKEA;{day,night};;2021-05-17
si_1sESAOiyEzqggkLVtrxnQtKIyg7;{day,night};2022-09-10;2023-09-10
si_1tIVW5DDrllHSDYdA73x2mEMxeH;{day,night};;2022-05-31
si_1TLEHhDrtYN4MhokZjHcxsQAMfR;{day,night};;2021-11-06
si_1UKBiub7WYX1WsK5EoA3g6sw7d5;{day};;
si_1VJ4syEFmxQzgxhvugpI3OBCt2N;{day,night};;
si_1vMU9BVLzxYHCZCjs6Ofxc4utjk;{day,night};;2022-07-15
si_1vs0fPn48CxvFlCs5JqXQjKZ3sp;;;
si_1Wef7IBVB3nBabN80eH4viD1vO0;{day,night};;
si_1XGRKrazCWTowWwtYmIx18zDcQp;{day,night};2022-05-20;2023-05-20
si_1xQr3fIrCeteBYRXY2IVaCoFBOm;{day,night};;
si_1yNEVHJwJIRbQWxM0J0MEa1GgOD;{day,night};;2022-05-28
si_1yUE9NIsclff5vMsGOd5Az0h6T1;{night,day};;
si_225wkPlBXnwvEkjiy76JjRQ45lv;{day};;2022-12-10
si_2490Kfl1SMxHbpx7YhVUjrt3qG1;{day};;2022-02-24
si_24eqHYb3LmqdYawEuzvUQNgpgkz;{day,night};;
si_25hS5alJwIEs9ZRLwuie5QE3um0;{day,night};;
si_2900OwDTXwUGyDRVLgpD8yHPaW7;{day,night};;
teyHywfGwn9XynTce;{night};2023-02-07;
si_1yuYDDRzmK0o3OhasMvpoVq6yeM;"";;
si_1Sbex7cWZqgEfH94PJb9YhIWj2i;{day,night};2020-01-23;2021-01-23
si_1tEBD9U9UqvvNXYapOWg2rXJDpM;{day,night};;2021-06-29
si_1TGBApT5XrcMcQq8dMHfCKYuuvG;{day,night};;2020-03-06
si_1tJlh4w7k07ygfnRQygqX6Qltyx;{day,night};;2022-05-31
si_1TZqoiPi3QmJyychjTEYafKtscg;{day,night};;
si_1YX1IMk4f6Hra81F7fFw9lmGU8J;{day,night};;
si_1vjXw5YaN6q8j3tt6d0P1YAAGWn;{day,night};;
si_1vRnr1vkkogdFKj56OWch1R5vSP;{day,night};2022-07-08;2022-08-08
si_1VRiZtIp1VtKqSESJ9MrxptNgb9;{day,night};2020-01-24;2020-07-24
si_1WL1QGzLAC3QHNVgQtarZ9LJicZ;{day,night};;2021-01-13
si_1WofqnraljVTbNnGsT2vjkeHCIV;{day,night};;
si_1VQdHBe7gRcOlPPDZ8TPUgf9qYx;{night,day};;
si_1XkN551A458OKSsT6nuPwIyKX7L;{day,night};;2021-10-20
si_1qITj1JoVW6EmIw4UWGgVZAR2fM;{day,night};;2021-07-30
si_1zwycJN8LlM99cJw9LSfMiEdEbU;{day,night};;2021-11-24
nTQd4han4yQvmrwee;{day,night};;
si_1Tyliswg48phDraBf1Lm1BfR26H;{day,night};;2021-02-26
si_1S8pz3J9hpr0MrRt7ih6gwdkSJ7;{day,night};2019-11-13;2020-06-13
si_1SbNg3ROMeByBhdE2f7YIse0IXQ;{day};;2020-09-23
si_1RAJZz0QBKL8fedIjfTy15hYUjC;{day,night};;
si_1RCHLhWNSTY6rIBfklFG8R0IhTb;{day,night};;2021-03-30
si_1nKZB9zg8xQh2vV8ZsF5eIqCZa9;{day,night};;2021-02-20
si_271RK5VYEVvHUaO0b8NbV4zlYb1;{day,night};;
si_28T49TunocU6FpGKb9Kb3LeenCr;{day,night};;2022-06-29
si_2A8XVIRYvFHwxIYaOfJVOtsXnDq;{day,night};;2022-12-05
si_1m03JYBEr6o9egdo3p1HKFbn6Sc;{night,day};2022-05-27;2022-06-27
si_1m0OObDeDn7boAY3hLf75S0L9e9;{day,night};;2021-01-22
si_1e07oHQAr9hgcrzcf7pyVw7nqKo;{day,night};;2021-06-29
si_1jkpOa49U9ZVq6udSiW9ARwreQ5;{day,night};;
ogjO4o7ZDUajmnyET;;;
FQhKsbXF3FQ5ysSEe;{day,night};;
Kxp4ACDo2JU8rwi8L;{day,night};;2022-03-26
KqMzD8L7oukLGa2bv;{day,night};;2021-05-12
si_1bSUh5T9rZLxI9IyLgOwbOAfZ63;{day,night};;
si_2BmJmXuAc8dr3P9SoKxvISMdUtN;{night,day};2023-07-11;2024-07-11
si_1fZsLp16fNVo96L6GxUsYOuEN0E;"";2022-10-01;2023-02-01
si_1gaORdlUq5r3yqMSUITze6HMFGY;{night};;
si_1khL56kDlipwMYmeZcTHh8QUmXP;{day,night};;
si_1r4tDG9Is5RsZIAuRA32Wm5l8UU;{day,night};;2021-12-12
si_1o41t1hfulhdvA2Mo6Uglo4eGE9;{day,night};;2022-02-27
si_1R0hXlSICXFRxbwsT4ZyMW7yRqJ;{day,night};;2019-10-18
si_1RdwhQGJEu349arCLm5gxPf4InZ;{day,night};;
si_1Rdowm3dN7RdLMYSEdbYTbJZm1O;{day,night};;
si_1S9tMIaJGZ3lFaMmYoDqROHRbA6;{day,night};;2021-12-12
si_1SbfQtMwXzr4DThGawezfeLaU2J;{day,night};2019-12-23;
si_1TF1SsMRpq6IRf1a5MDpX8zYa4R;{day};;2019-12-06
si_1TJpsUSIR6HVO6uMKSZuk7bQgER;{day,night};;
si_1uswCMM2TdmlEwSMOdO0T26HBhG;{day,night};;
si_1UKsiAnSaJYPxQ8F4mGmtY09RoH;{day,night};;
si_1vr9sgCPmBxa5JiAGs3sNVeAJMy;{day,night};;2023-05-18
si_1WGE5fp3EX4gMl2dpily0NjNxbM;{day,night};;2020-03-11
si_1qyKVpRcFkUjALqQfLQHhXXN4J7;{day,night};;
si_1WGcqR5k1bnzffZT7jA6VtmI0po;{day};;
si_1REtTXJSfI9h8SlnZxtdTRZBY2J;{day,night};;2020-09-23
si_1sAPeOZSjKiJuF7QD1TmxaBazNO;{day};;
si_1yOsI3AEmcBzAFEDr1dOza5u0M0;{day,night};;
si_1z3ZMIPp3Fr7kwu6Ha4Cwzuke4r;{day,night};;
si_1TEwZs4m0z9F8nPRKohbdLATcCz;{day};;
si_22e8q987SX2JdVUrdEw1E5cNdiL;{day};;2022-03-25
si_28NUgCnI6omKoL94aulbDWl6Xxy;{day};2022-05-27;2023-05-27
si_2798Q0fYYKpKU8ec6DgAcAOR1XA;{day,night};2022-04-30;2023-04-30
si_2BLTB47G96VpUUN6lGUPlgIZRd7;{day,night};;
XCefAuRqApGX6Xd08;{day,night};;
si_29TU08TjiW3KheXYue4QiguI7JH;{day,night};;
si_28QOHxMKjQm3Jju6nnE8FMpjDwT;{day,night};;2022-06-28
si_1vLInKxjHznNmlgyZETrYwV1f4W;{day};;2021-08-15
si_24F6yaxRFITbEy2WJmlOZCAuUAU;{day,night};;2022-02-26
si_22Z5HglCqGJf0cxypqfMeaSmfRl;{day,night};;
si_22EJYuZLcFSOWmRx5I09bXc0qwa;"";;
si_1xmQymIVkrlM82rfYMjpSJFvRkh;{night};;2022-01-06
si_1Ysb3WRh5ZNWq8rnPJ6OS83gvwT;{night};;2020-08-09
si_1yP4yvPUIlu4PdZnxNumKZw8JZI;{day,night};;2022-07-20
si_22WW5WuKgz87ldft0aUIzeiAE3E;{day,night};;2022-12-19
si_1xGnpbhVSjnvW6CsX01mB7w17RL;{day,night};;2021-12-26
si_1Wn76pEMsPc7B1YDP1nIJ9uXGAS;{day,night};;2021-06-24
si_1VTZUS5GZ6vJmzQIwiko7Li8TNk;{day,night};;2022-01-13
si_1vR6dEbN5J33mwuE0qxn7NYIVxG;{day,night};;2022-01-17
si_1uqA1RJW66jjKqApv4dvfQHfJG2;{day,night};;
si_1TsECuqrxQnhWbcmWxUSqKNpNQo;{day,night};;
si_1TKMvOs2E9BZw8baWrwyeOLM2yx;{day};2020-01-08;2021-01-08
si_1TJ0Ot6CeSyrJqlEqJuMEH8lygF;{day,night};;2020-11-13
si_1zY4jb5LjjfKQnDV7lsdXxFYOb0;{day,night};;
si_1sDPArxxFU8shD194WJ5tH4HGga;{day,night};;2021-08-25
si_1sAez5KGDxyPNCLNSptL71brO97;{day,night};;2022-05-06
si_1RHmB2OEuTQHO94GPYYGaJGpZpk;{day,night};;2020-01-24
si_1RxNAdujLDMhsAbNDRJjlCBBpJW;{day,night};;2020-11-23
si_1eTy3qVsizejdT59qzTSCYwzN2d;{day,night};;2020-10-24
si_1q4hG9FUFkqab7Aoe1yz8gXiMrV;{night};;2022-12-31
si_1S0netvysgxhVARSgug1ZpDyrIw;{day};2020-01-10;2021-01-10
si_1gSUMwKoS70KcA6I1hCfJFYQPlb;{day,night};;2020-09-22
si_1eWu9gIoJn4zrntcjcQUq9g6TX5;{day,night};2020-08-11;2021-08-11
yCr4Y4Px2Szg4MXgK;{day,night};;
si_1Qkvn7AeU5fkrqyvBOy4aw0hlXb;{night,day};;2022-06-15
si_1bBTERnDgUKHpcVQzPBpsnl4h5Z;{day,night};;2020-08-06
si_1S3BLddEzBDVp8jwaKhAJfE6UWO;{day,night};;2020-12-26
si_1mk14mbHhd2vDLiyUZAVeFOPx83;{day,night};;2021-12-11
si_1h39UfqOcn3vdJ2zHxmcaFUp4nv;{day};;
si_1exFB5o5o0bKJCIFA0LdL2RVWyO;{day};;
si_1UICfoAOHgZKXtJSScydiMnzKOQ;{day,night};;
si_21p9uFTGS40ZyqPmDrg4j6WtOLP;"";;2022-02-04
ZddKpRNGddXH2vkfD;{day,night};;
si_1UUq22rhWBgq6qtz2i7qcD8Cov4;{day,night};;
si_1QbJkLcSTPq2juvhhG1Et21C5Mm;{day,night};;2023-05-27
si_1iMU9KdmyQfz0B9LciVkotETuLM;{day};;2021-07-04
si_1yEhXgXO0Sr7Pjka23EkFEbs8KZ;{day,night};;
si_1UefJ8iZ2wCINSa80dVShBfW10P;{day,night};;
si_1SHcLNGsLJJ9j0TtfKFuqJURIhN;{day};;2020-03-16
si_1Qblm88GNxyUfCPeTTogZL79JE4;{day};;2023-01-03
si_1nqQzYik1ctk39STT98DroV1yLv;{day,night};2021-05-25;
si_1kXDYWvhdl6kIxlKzytPwaivNdv;{day,night};;2023-02-19
si_1jBb3R8Jlo0zsRjL1EdGMj1DALe;{day,night};;2021-09-21
si_1fQBMcNGBUkANMGCmVn8libSZf7;{day};;2021-07-30
si_1iegQ98MB4gs4Tt10qxJ8ScG7Ml;{day,night};2020-11-09;2020-12-09
si_1qaE13qZaYIKQtDyvOMG2ZQRrng;{day,night};;2021-08-01
si_1UI9lbJB9wvD2s8k2BCJv5lT1fh;{day};2020-02-29;2020-12-29
si_1XzBal1XjC0XTTHi96vm7VwJhIn;{day,night};;2020-09-18
si_21SsScfmK0IlaQtKgFaHu5XKcly;{day,night};;
si_24SkUu49z9WMEzCmSxXI1Nynlwt;{day};2023-03-15;
VKQk9SfoOMBaZRY9T;{night,day};;2020-07-03
si_21hEu29sezjWuMHGQVDuHUQwHjm;{day,night};;2022-01-14
si_1veu2llwD6EeLxJ40fqL4JbgC0T;{day};;
si_1yh72ucXmKPdExivMQbdyfdXmz0;{day,night};2021-10-26;2021-12-26
si_1QkP3MWG1EoqsJ4wpdfpskvLcaC;{day,night};;2020-06-30
sKkfMTmdyMLpJjFDX;{day,night};;2020-12-16
si_1j6eTZ6EzakROgYzuSR4jpdRWWS;{day,night};;2022-05-24
si_22sav3iGWWT9dx09vcmpU4LBs9Z;{day,night};;
si_1b8BUzjQcQoaJWWabO4jVuuTjLZ;{day,night};;
O65DdG3qy88cVNaAw;{day,night};;2020-01-17
LHx8PQhxyKUcosxtc;{day,night};;
si_1u2PydkPG6O9KUbGFkf9uPzeL0I;{day,night};;2022-12-25
si_1SYioJGUv4IoEMGU5U9W2LLXAF3;{day,night};2020-04-22;
si_1V42WcJBiu5GluTyyzXlntMTPKz;{day,night};;
si_1Qy7JdxtJRcHzBpuQ0fAMw1IIjt;{day,night};2021-10-28;
si_1pClbAwt4ocZozt1hcQRj2OMWuD;{day};;
si_1nlDdevpwX0cFha7F1u4J8iQcjs;{day,night};;2021-05-29
si_1nRJ05NibCScAM2kQn8LI0nNvb5;{day,night};;
si_1lD0YxWNRlJp75s3GIp4tCbVIaW;{day,night};;2022-05-05
si_1aroA8GbIQ4TdsaKpcnJiMJVom5;{day,night};;2020-05-21
si_1jedhNswDYuvBnbwJD3sK7GuQ5A;{day,night};;
si_1g0yADCfrgrO3kz1QUN8UWCwF7e;{day,night};;2020-12-12
si_1a7rV2Z8KmCUOxXqtokO33rXxED;{day,night};;2020-05-05
si_1dtWUwRFMg6cz247OOHlDGC1hqP;{day,night};;
si_1iNDYgRo9ARyPP9acXGSfNU9IaM;{day,night};;
si_1mJAKyOb8ZTDFFY5da7HTzc9J1a;{day,night};;2021-07-09
si_1q5LVsB4HbSFxA18QT9WlIC02cA;{day,night};;
si_1SVbXciknPGQILvAqUOEenvveSK;{day,night};;
si_1UHj5N4OmhSVGlqPMnnVNGitPaz;{day,night};;2020-10-29
si_1x7wwUgugKQUcH7B52721no0C6Z;{day,night};2021-09-23;2022-09-23
si_1Xu3ORPrHDhkQBrh3QnJm6WlRGO;{day,night};;
si_1YVM21wU9IozHgfnQczxdGsldJL;"";;
si_21eH5w90hvB1ZenS0sgZ1SDyT7G;{day,night};;
si_23VqvvDf7x2qJaVaMMu2XRTZq0z;{day,night};;
si_24k1Q1GIoksTJPUbGj4MLywhJId;{night,day};;
si_27T50mbUJL0Tb6xrMcIbMzxZQ8f;{day,night};;2023-04-07
ujvuyPBSYhJUYPmaA;{day,night};;2020-04-28
si_27qFFDh8jGLzXEZMJY2asGx8FLV;{day,night};;2023-04-15
si_21pI3UJlHdBlyYwW2uFKjO671hk;{day,night};;2022-08-09
si_1YiLO8uoPIwmEVaxZQXruRCLbuT;{day,night};;
si_1vIAQtuCKN7uCqHWULRupNl2vrz;{day,night};;2022-07-14
si_1tqxSEC0ToN78lLWodHLuSusRaN;{day,night};;2022-01-12
si_1Shmvg4jqFje7cGuYlLjqhsGgNn;{day,night};;2021-09-30
si_1yXdVbVKgap7r9U7do3YwCTz7rZ;{day,night};;2022-01-23
si_1qWItYf4BmEnlRBBxSnpCBXogDz;{day};;2021-05-24
si_1pEluWPJRjnBj6uetDpxCj1WsOv;{day,night};;2022-01-14
si_1QmRGOBTbIk3xZUD4Jgn1RsLITH;{day,night};;
si_1mPEV53n1X35jOeE2hEsN9Mhtbg;"";;
si_24ndckLs5jKfCuiQJAKTweGTxxL;"";;
si_1gYfweMAdfqIQ5a6FqW0JAKalYA;{day,night};;2021-08-24
si_1eSE04JaOsZMUVCGwKQrMKWQ2vK;{day,night};;2021-01-23
si_1z9Mf9hpkX0ndYnH83pla6iJBHe;{day,night};;
si_1bERpXw1hZYAhdWwz5FF8gyTsJF;{day,night};;2021-12-22
si_1XOoLDKTJulTLo7kpLjmPqA628q;{day,night};;
Ps5t1hGCd50m4UDgO;{day,night};;
si_1w8kYCoQTA3vPHs6T9aYFJH1xBZ;"";;2022-05-06
si_1mZJ3lCozNdLE9lXjKNjdgmbP9X;{day,night};;
si_1ZivB4GmPzUMCzTKDyajfbftJgu;{day,night};;2021-03-27
si_1u1UV7nHjNetT0Qf7lP8QwCkLTx;{day,night};;
si_1zmuFgrnBpBm9Ym2s1oBlRxQZpa;{day,night};;
si_1SYiMlGnpnkZ5D35TESdX5gUuGO;{day};2020-05-28;
si_1UM8OO7nz7VWUb6HbzgHQEDnGiu;{day,night};;
si_1aapfxkMSE6SgIV4qoYwWsPOqXv;{day,night};;
si_1UQXENwVqJpWHP18PZPRvhwlG3n;{day,night};;
si_1RMfOIoRiod5Yb42nHdMfQzJ4Rc;{day,night};2019-10-28;2020-08-28
si_1UBuL67UPnwJm4WPgoPye35NEqp;{day,night};2020-02-27;2020-12-27
si_1pwPuE764BaBXV8f974e5x2vdYx;{day};2021-07-18;2022-01-18
si_1nTM8rDIypRmwU3dvTRgjGfvqw0;{day};;2021-04-23
si_1qn9HVNLPG27kxhde6nkSWlLtsA;{night};2021-07-01;2021-08-01
si_1pIq3IppdOjXNc0s77bLCbDIDWz;{day,night};;
si_1n1NNQPitM9HKh2TrSBUqojGvdG;{day,night};;2021-02-13
si_1iSGdDEW4Do0aLHDYNvXaUmnPWz;{day,night};;
si_1li6gfDKnrlaR5A9QP8UJ1l3Z29;{day};;2021-01-15
si_1g3ICWIXSt6AgEuLKuo5KM3R4F8;{day,night};2021-02-15;2021-06-15
si_1eaDYpmDidlCMiKf9i2QWa4brEC;{day,night};;
si_1aWyI2gYLcOQasa24hKRMzHiBym;{day,night};;
si_1jETYl68Y4PY71MVd3WH6nGqJUr;{day,night};;
Sh7y2BJ6kUZKhE7ua;{day};;2020-02-06
si_1ULW99MJ1kR3KfbqAHj7SubUSzo;{day,night};;2020-05-30
Jk5djo7aoEfGI9KPD;{day,night};;2019-08-07
rYpopCuDiJiveugyq;{night};;
si_1bSnUANeJJQ2Yr2EFVr8ttCdxyd;{day,night};;
si_1dou16xGjZ7zbGySs0Z5FUdAbwT;{day,night};;2020-07-25
si_1fVK6rhiWO5tsj07Q7GExRudCaW;{night};;2021-10-25
si_1hXqtDf87YGrJhiXBR4Yiq9xQgF;{day,night};;
si_1kJ1KKmwoG0yPmqdxSSbvWqPOYB;{day,night};;2020-12-21
si_1m6Lu0RsBZSnJFh9RPAJFUG9NCk;;;
si_1onsdpPa0zEONTRIWsfkgPTxL44;{day,night};;2021-08-21
si_1Q6hIIsCGoAf8gv06DUfezyDpWX;{day,night};2019-09-29;2020-01-29
si_1Rpr8uPrYOBxnnkpwkEUtJrxKJv;{day,night};;2019-11-06
si_1SqOXxwK0dM5o4EA2quoPsCv9Ug;{day};;2021-08-14
si_1tWbJL9VcMQtOETkunVX9LNPzAZ;{day,night};;2022-06-05
si_1UFMvJ91XzhahTBySPemqMtmlLt;{day,night};;2020-11-29
si_1Ut8jmM7bhU7NQnLOGB4SKYihIW;{day,night};;
si_1wX233xfrBpDf44lh1hIkUjss6d;{day,night};;
si_1XONs9iZ9Wm7QFZWUTTL2jJpp3d;{day,night};;
si_1Xz3ORjg5WP8Xi63GkkSnpcY1Br;{day,night};;2021-12-19
si_1yHNVdaWOYJ2jpHeNWl7FH3C6zP;{day,night};;2022-10-10
si_1ytIJEHsAVn4DPiMHky9SgDadA9;{day,night};;2022-02-01
si_1zXrqiZ3R1od3wJgbc0HbF4U8im;{day,night};;
si_20mXLdoAz2QngjpWtWAKz1dSu2r;{night};;
si_22NqGfkzf3Tms0ziedxuDmZN7Qw;"";2022-01-16;2022-07-16
si_23guQ6TDhdMepPgkpFhyN1M0U9f;{day,night};;2022-08-12
si_23L3U5sdDJ8zwuldIdRs4rWh3Gc;{day,night};;
si_24hbgs9h4QtyW7IEu0uZ6QmNlHO;{day,night};;2022-08-05
si_25FEmBGxQpHCQ7ddaFOhrPfmMEA;{day,night};2022-03-17;2022-07-17
si_27R3xKbStKzsbB7AOtp1G4Cw3Qp;{day,night};;
si_29cYrRliCF0VP4YAjNx3w1kTj3K;{day,night};;
ugCIdYAjmnmosuWSC;{day,night};;2022-10-06
ui4nMxfLRCXZFN2cb;{day,night};;2019-12-10
si_27TpAChr54lRld8fOMCYqhI4PhJ;{day};2022-06-09;2022-07-09
si_23fUpI0bqXZf9bMKIg228OpC5qE;{day,night};;2022-02-16
si_22nLIHLo5EF9ArTiTTN0SOdZJMP;{day,night};;2022-06-25
si_1ZdqFZ6jtAnghJPEpxl06qt0sqw;{day,night};;
si_1yOkIkcuuCuwAD1sYPJJ2eWxBD8;{day,night};;2022-04-11
si_22Xc6zJOK86pH9S69u2dH6Hk3xM;{day,night};;
si_1wA1DsP1oHMQkL4ecOL96kWta6N;{night};;2022-12-11
si_1UbbWlQ57f3sxv3GeQXwDu5kj8Y;{day,night};;
si_1UFO4Wp6UosLWrv27lYG831bxy3;{day,night};2020-01-28;
si_1wrliWjgruGHAx12CMsnAUgdKAN;{day,night};;2022-08-17
si_1yJiQIsDF81WempyLhtYSpSiO6e;{day,night};;2022-01-18
si_1SFozmUjluijQ4g2SvLSIUQxc2o;{day,night};2019-11-15;2020-11-15
si_1RqC8Vx6hwR3egu2WKPcjunW3gU;{day,night};;2020-09-06
si_1Ry7n8bUIc7YhjBIvkx4gyYB3Mt;{day,night};;
si_1SYRH7pAGUB2oOC0DI060QhwMHh;{day,night};2022-01-27;
si_1q1l3j6kgHjPhpOH49tO8ob89Ev;{day};;
si_1pDeqt7UEyyrpihjGMLxJvvYCxq;{day,night};;2021-12-02
si_1pFKKV6d7zZnaTplJSQoH8iRRXg;{day,night};;2022-03-03
si_1xp2ALurnynTzgnz09r66GaKx4q;{day,night};;
si_1mKp04iEQwSRn46fbDMFn8JEAcG;{day,night};;2021-01-29
si_27WYEqv5NTulHLzTguuQV1rbwJz;{day};2022-07-22;2023-01-22
si_26LLjCkyKjRAUmfyy2wjBiAoOIr;{day,night};;2023-03-13
si_1jKZ1SwIfLe014uW8K1hSpqVETy;{day,night};;
si_23xm2g07RaV22uiVBW2Iz1eSfOA;{day,night};;2022-02-20
si_1h5bFiwtsB56VSzS7FcK1u7y7Q8;{day,night};;2021-01-05
si_22xyLK1WcJ9EKj8xPzCCxBc7bgh;{day,night};2022-01-29;
si_1fES5c0qrEc6WnBYrQtBbSznLNx;{day,night};;2021-05-26
si_1dxt0VAuhRkFe5E20Nib9KTgJOE;{day,night};;
si_20gKcVFI4rxKfORv7v6Hz8hbQcX;{day,night};;
si_1bV8zkgbR73cLvYnfUlxpcVzEVl;{day,night};;
si_1bRKQeyTFNWGscGe5ZjFxQpQj8W;{day,night};;
si_1Xon53ouGPWHEs53gVQyGUxaEtk;{day,night};;
RpH6o64Qtyo1BsYhx;{night};;2021-11-27
3EwKESfg7hdNhYWbK;{day};;
PjLdkK2bFeTrwjfBD;{day};2019-08-26;2020-07-26
si_27TVUGBP6yBVsswrJczIuIi7hMK;{day,night};;2023-04-07
si_1Wo6Jz8xGMnv3vv8Ac85DTeZeBi;{day,night};;
si_1VFFmahzLnrT3NLCnnF7JC66Geo;{day,night};2020-02-20;2021-01-20
B5qCmSN93rc7nY2Qv;;;
si_24xyVoaJd9dh8HrNjjV7iEZosHp;{day,night};;2023-02-11
si_2316YOEOSjGqV6VFlK4I3LX04Mo;{day};2022-01-30;2022-07-30
si_1UcZv1oSWYgmuO9VeGqW24DEVXl;{day};;
si_23KcOeXJJ5RuPbqKQnP4ZVu38UR;{day,night};;2022-12-06
si_22H4BoWVq6sKiNW3QePrfVKuN72;{day,night};;2022-08-04
si_21FtM4IWG0yr1oxyZdzGoG2wlkn;{day,night};;2022-12-04
si_1T9PBbD9pO8Pyi0xS4roK5C5woa;{day};;2021-10-12
si_1zPdaLIji74fYMRxECU9tnyqOZX;"";;2022-02-23
si_1YiBqLB2elFDbcdyiNVLiIkNgNJ;{day,night};;2020-05-05
si_1yMIqxAU9EUsd4bxOW2aTvXTu1p;{day,night};;
si_1ybXi2PgGZftyBBf4HIBd7hL4O7;{day,night};;
si_1QbYNA52NJE6eUkvkthBMU6bkv6;{day,night};;
si_1WpgLLoyh41CtXktxdZbuoQXvZF;{day,night};;
si_1wQ2IsfdqrGBsN8ZRARRxWPsGXJ;{day,night};2021-09-08;
si_1vfUGNWrNtmU81NBOtZmjegqXTT;{day,night};;2022-06-26
si_1RKK9mKDo5CTFgMQUBsiRRhwFd9;{day,night};;
si_1ug4iaBxKVimKXPKYLkjeFpUhdQ;{day,night};;2022-12-18
si_1UBueAuJJHPHYhbO0BSWseSKBuS;{day,night};2020-02-27;2020-06-27
si_1UQsFdj44ZtUhy0oTXL3Q6J6wA8;{day,night};;2022-01-21
si_1Q0CM7HRsGVE5KPwqjWycedTh8J;{day,night};;
si_1RZPdsOyWcMrkce4vkzjkNW9uIY;{day,night};;2022-01-04
si_1p26gh1RoBzC4WIMHvBINiNZptT;{day,night};;
si_1RNvqjwbAAFytc0gaUCprszInp7;{day};2019-10-26;
si_1RyhYbUbheRTBtJjookmpCKNYLP;{day,night};;2021-03-14
si_1Q3YPiK1xoWAy1bUzJXJKFeQRgO;{day,night};;2020-07-28
si_1QmpehbGvZ5DDzc6lkILGEdhxtI;{day};2021-03-14;
si_1onnKpWK8Ij6P9jcTtBV4O325Oc;{day,night};2021-06-19;
si_1nDB9m2iCKAS0ZIHYn2gF2FFLBM;{day,night};;2021-02-17
si_1kyU9I7AXm7pT11raMxxYIgfHD5;{day};;
si_1iWMuGDWBKaDlKbU1ULxzK8nO2U;{day};;2022-10-25
si_1aozV3mxW0SQMA8kAvFh5izo80z;{day,night};;
si_1m61p2mpBkV53ZONk8xvHlaNWfV;"";2021-01-24;2022-08-15
si_1hNWPwy2t1o7FXzjjH99QCeBKwl;{day,night};;
si_1g9GHAhcqsuOJzBtl52IOfL46Yw;{day,night};;2020-12-15
si_1faFOEvBBT6BhlUPY7th9Wxmvla;{day,night};;2021-01-10
si_1eetdDk9GCkAKHS1sCXGe3QHpDp;{day,night};;2021-07-14
si_1djLg0LGD8JCUE9QJeqQEnpJi1W;{day,night};;2021-02-28
si_1bYgBAK0NBiHadRFckVuBDUfsY2;{night};;2022-01-02
si_1kID2c2MYcH7zzkPm6LQkfCOuUh;{day,night};;2023-05-23
si_1bAqowEaKURVKfdjHxYkW0AsMAY;{day,night};2021-02-28;2021-12-28
MdeCG2C5EohFMTX4H;{day,night};;
67shicvBisXnACL0c;{day,night};;2021-06-04
si_1imiJK4gY0I7l2M2uPeVzAyw5QA;{day,night};;2020-12-22
si_1aJ9WW37GznQ87ZZmKN7fiSfFW0;{day,night};;
BF6MEGQE53Lg6QakI;{day};;
LaZQt0ERjmRg6ZlN8;{day,night};;2020-09-08
P65SqEsQI6UancS8x;{day};2019-09-27;
RU10OUxoitbdnW6tj;{day,night};;2020-09-23
si_1beL3A7vqkPkDutuMsABbcdUePM;{night};;2020-08-09
si_1blucCkcLMazJ3Jf6JA9rS2ZDKU;{day,night};;2020-08-11
si_1d80B7aZlj5aBOcUi6tnXLGN44L;{day,night};;2020-07-30
si_1dqgGwVmJPzXPBl5bIIw2cYk3to;{day,night};;
si_1ep92nMSMJ0ZtTkRY5oavKcGGGz;{day,night};;
si_1fH5YtcDMBrb3m3W10xxazJPjCR;{day,night};;2020-12-27
si_1glYELcvCl4asyO5P5x7vadOMkw;"";;2021-01-29
si_1hDlH4PSDAd3qNDWWd1NHo3gRCd;{day,night};;
si_1jQl90agm1ZvlYEb6O1iwEyyQBB;{day};;2020-11-26
si_1kH6I9qFOjSlOSryo5cFwl8oOX7;{day,night};;
si_1ljwt08oRGiCmt6Ulzkp5jJ9k5I;{day,night};;
si_1m1wBQSjQYCdjkmEtor9ddC4c0U;{day,night};;2023-01-13
si_1nHqCwD3CTCzw5K5wmCyMO6r9jO;{day,night};;2022-12-11
si_1nwQdTobBYEQRzbh9Zxc6v1f04t;{day,night};;2021-04-02
si_1pQ19ln1Gcmt4o9gZenvCWPB3e3;{day,night};;2022-01-12
si_1Q0Xz0WQC12G9q6XKvOS3qpXvUu;{day,night};;2020-07-27
si_1QYZ8W7jh0YxCBEMW34BeWKxBmW;{day,night};;2020-09-08
si_1RPeyynMKB3aq0NB9tacAMm6gGo;{day,night};;2020-09-21
si_1S47QvCw7G1KAI8HwgvD36uQEHD;{day};;2021-01-30
si_1sIa93GMp6QgjUoGLnNvTwj0pns;{day,night};;2021-07-14
si_1TsKJhZe4YmbdheOA9Ngy41gbc3;{day,night};;
si_1TVd20zYTke17P6TsbwVJg15Alk;{day,night};;2021-08-25
si_1TvTU1uSScKebQ0eAhUwGb9wuIW;{day,night};;2020-05-21
si_1UFMlo6VrPYOkilIlzNJVrFTa5X;{day,night};2020-01-28;
si_1XP8MkzFnePjMajd8PJBLftxKUx;{day,night};;2022-02-01
si_1UWNDgXt8dn2aoZkwH5F1lWs96y;{day,night};;
si_1WAWqQwBBRsJ6kPgkUUFr3jWhRW;{night,day};;2020-02-09
si_1Wu7SYt3DsCFp7nb22p7MHXsTBp;{day,night};2020-08-09;
si_1x8LCYkzqTzZWWdDHE6inna9pK1;{day,night};;
si_1xEULrlcdkYtr76WgbpA4M9Hdni;{night};;2022-07-25
si_1aG45qAVwVhmfdBaMZD45Ba0faB;{day,night};;2020-08-15
si_1XWes39zWgb9MU4oHCD0JQavaKh;{day,night};2020-10-20;
si_1e6Pw9Xk0YeFFNRAAgNi6xaGfHe;{day,night};;
si_1yglS9Bld4mhBcRXXk7aDhJq7Mq;{day,night};2021-10-26;
si_1YIAB9EX7VXzwZoxAh2J9vGaCLz;{day};;
si_1yrK7cfoGXBzDfrhUJrZV1oYm8e;{day,night};;2022-01-30
si_1yzHuXUOg0S85owTjtEKBaVS5ij;{day,night};;
si_1ZxIYlIqdI91Ts8OBvJYp5OmqjE;{night,day};;2020-10-01
si_20s1O15gkVv7K4YIqd3U2Py1czH;{day,night};;
si_20y5Eov1wjat4QKMgItIP224ano;{day,night};;2022-02-15
si_21ulrNAguObrfjp8B3pWhB9B56P;{day,night};;2023-02-21
si_22KGms8zgdKgZkT2ZCDcxemPZ8A;{day,night};;2022-08-15
si_1fZ39PNVpqQ4oJCfUeIV0ciRRTY;{day,night};;2021-07-05
si_23Fsvm3FB3QrpH2t1o4mRVZYmxS;{day,night};;2022-12-05
si_1gKFABQPn21gryCGDFbwXUCVOrW;{day,night};;2021-01-19
si_1irEe22jddJKyMphu13oABxs7eN;{day,night};;
si_243k3JsdiMhoCMgaQGSoBOAzsN0;{day};;
si_24AD01igCVtMUVNrcBAqM58t6MN;{day,night};;2022-06-24
si_24msr7L0hIq89mNcZ8DbqS3XqD0;{day};;2022-05-17
si_25CS0cyE3jAk5v1Rb2jQwKe5ukZ;{day,night};;2022-06-16
si_26Nf118gL2RMQcSaXELrerwP1lp;{day,night};;2022-10-14
si_27RuSy4setEko9mHQVSLOdTfNnU;{day,night};;
si_289JULToQmRZbQmkXzLP9bifYZX;{day,night};;
si_28YY3BKkW2ocIHEVMit0kbths1z;"";;
si_29c5HvJyf8YwJdSpPrrmTs5OftA;{night};;2022-07-24
sKedkZ3RACzizgL5s;{day,night};;2020-12-19
YFaK4Wkn1vkq9X34T;{day,night};;
si_2BCpzbGUvLdqfpgFSXYkMp1OUYV;{day,night};;
si_29CK4ofZhRb92OgzcILrNrBzrC4;{day,night};;2022-06-15
si_28CR3ULBwWzJMVExDUEQDeEOBwC;{day,night};;
si_24JrYWHFTVrl7ttZLNA8kmgsxxR;{day,night};;2022-12-28
si_23jbysgH6WB6G3SBv4AC1aCiSs0;{day};;2022-08-15
si_24gwQkNtZfZWPvksyuvbEpNuzhI;{day,night};;2022-07-05
si_23ClQuK7MhvkIQ4HgzkNyqLBq0d;{night};;2022-02-03
si_20pPG7biIa4tmpXHBNipCRAOapj;{day,night};;
si_20BZaXaEHe9oDHo9HFTDFJl6P60;{day,night};;
si_1yXn00MQ07mTs15T4oWYukqCkw8;{night,day};;
si_1yRWIUb4vBiSZyZnaqFLLtyO2dj;{day,night};;2022-01-23
si_1SYrfH524hZXiwxjFOCgDDogQnd;{night};;2019-11-22
si_1y82o2ZMwRruGjylHuTs1uoFcvK;{day};;2021-10-14
si_1Wz5CKoIvCP8t4wi6U9BAVaRfES;{day,night};;
si_1wJgJXwYJmgnunlNyTLWWRaZFFl;{day,night};;2022-08-05
si_1UqfaJhpXEJTetCtydsrNZHaTLr;{day,night};;2020-12-11
si_1uE1z7DFFsqBFGUS16MtvDrymaD;{day,night};;2021-12-20
si_1TwslX9wZZbI1hOVD7FEWcef4Ai;{day,night};;2020-12-18
si_1UDZRfT5wwu1WXkIVGBpPVgCHl9;{day};;
si_1UfymV8ShBMk2YsArAHNlpa2gh5;{day,night};2020-01-08;
si_1uVaWIMCK0XxTmlmGhCUkMdLhFA;{day,night};;
si_1WUJoQMJ047RytGJASPxUQSYlw9;{day,night};;
si_1XD2X9WglQhQVR19stea1JVxLU6;{day,night};;
si_1WOMR3nGO2rtvTh6ppjEoQYx42m;{day,night};2020-10-29;2020-11-29
si_1SI7ja5M2A4Rnq7PEpINf0toA0r;{day,night};;
si_1woLLODuLp9spBT1QkqUAf24RPP;{day,night};;2022-12-12
si_1RxXPicEz8gpYCIpn30qvxW83cR;{day};2020-10-16;
si_1WVz6mPcTAtKZqh9rBZ9gFwoeTo;{day,night};;
si_1XOoT1cMcxm9taZW6Czr2iazAE9;{day,night};;2021-01-05
si_20bXvM4sc5QXV0WXXo0NO2D3OCI;{day,night};;
si_20PSF19QOxsLQ1blml41KxyhkSM;{day,night};2022-02-03;2023-02-03
si_2BBGCdJOD6xb0XeEiFS4r4nOxkd;{day,night};;
si_1q1hPw9mTriXWf0AyZutbjxCI8a;{day,night};2021-04-20;
si_25k9cKH6Y7JmlJcAQnQAbEq2lhj;{day,night};;
si_25hU5NkR12INUeDUqBLpi4YWSaW;{day,night};;
si_1zENYBoxByTC4XfGtc8UBMyUHgc;{day,night};;2021-12-08
si_29dqVBfuBAc6vVqsP9C4Tx37jrl;{day,night};;
UhNH3YX7sCY1bBQlq;{day,night};;
si_1ZJJ7cFd2yaf9F7ITJIL0pJPhsY;{day,night};;
si_2A7IAP7leYOcX5g6EpJj2hk4rRM;{day};;2022-07-04
si_2AINd8ejkt9t6Gh4K41Rcl0HZKS;{day,night};;
si_28T81tvVqI3DU5n7LrcZ5KhGA91;{day,night};;
si_28Hrtk30wdnuc7wFVpOUnt6IHYs;{day,night};;2023-04-25
si_2770feDIHwGKbqLJhW1sm70ATJN;{day,night};2022-04-30;
si_26YolcI9VLxM8mQ4DkN8m9lECc8;{day,night};;2022-04-18
si_25HlykHvkh8woWjojdDvCSmiA5M;{day,night};2022-03-18;2022-05-18
si_259ZbEQWUpV7An6DHlUZzWdI6nH;{day};;2023-02-15
si_25pCbiJylQ0PLZix9snAbLbvqAv;{day,night};;
si_2BAj1iDUckpr61uOmZKL3mXSlvG;{day,night};;2022-07-27
si_1ipY8Tyb8559l5L8iM6hSzw6HN2;{day,night};;2021-09-01
si_1i0ltzgBFG1MguGAolJRTLBPnGA;{day,night};;2021-01-25
si_1gJcI3pfFYhGmdipi6axI8BW0VN;{day,night};;
si_1g5nD2THdNqlZnFh5p9IWWyZ3iv;{day,night};;2021-07-19
si_22KzWlGfxdH1nyrEu6OdDfxmA6g;{day,night};;
si_1fdlu9BvuoHll6tAvNAbsECr8T7;{day,night};;2020-12-04
si_1iRsl2dVBfugOsyJQrwfQZ1Rx38;{day,night};2021-11-01;2022-09-01
si_1eiUL10R2UYu7OfZsuyn6SEMmd9;{day,night};;2021-02-15
si_1dXVu1QTYuuBJgBad7Oq9HiQcug;{day};;2021-01-14
si_20mJPUe4SlEwQPQWvsGC7pfD93n;{day,night};2021-12-11;2022-06-11
si_1zA9a8BvVTCvtgq49HXuudrx1G4;{day,night};;2023-01-25
si_1YzcatWRDapm621DQxnHYmhdNhy;{day,night};;
si_1yOWqQCFMzNdFpCB181tiuVxfDv;{day,night};;
si_1br1FxPSzNfRAA1U8vV3OH6jJ5Z;{day,night};;
si_26IL7yzL5kEw2IqQuTr0GajYN8j;{day};;2022-05-19
si_1aWz8UKmuDOg6Hlg8ts9zvfnb6B;{day,night};;
si_1aeLMgvasag06lxwDQQhOnMnXSL;{day,night};;
sdxDXnRLEJyyHgdlD;{day,night};;2021-02-13
X1KQS2FodQOhcS8ZA;{day,night};2019-12-18;
V34JuseuK0WyMgFUn;{day,night};;
si_2CAjas3SWdOQkkV3ZHK7RbuaNgq;{day,night};2023-07-19;2023-08-19
si_2BDdC5aAl6d84V5xFHupR8YXPrT;{day,night};;2022-12-28
si_27Wy1Jnj7FORIyR8yvIAwBxpsq4;{day,night};;2023-01-08
si_29cl6AXRum0fdPzojAghcri3rwb;{day,night};;2022-06-24
si_27ZDLxCheiD2tGkl6hoHNzytgRM;{day,night};;2023-01-23
si_1wM0eg1osIwMLs5SZnS2OrgPRN9;{day,night};;
si_27Eze0czq6LVyHUSz297eOjrb0m;{night};;2023-01-02
si_27eeA5IjaHoYCFIpSCtevGZxlBq;{day,night};;2022-05-11
si_26ge6Ko4nUJ5PErJJKsW4baoQm6;{day,night};;2022-09-21
si_1Zcl8OgYFK9U4meOC4b0aWkBRnm;{night};;2022-04-21
si_25dmDVgjeSr1GewDknX2dHoJTlQ;{day,night};;
si_25AWZ0iyA7MWw4cxmHt45tNCTdv;{day,night};;
si_24hVY2Eb0jMvYs5foyyXQGPGOua;{day,night};;
si_24HgIf2kRYpwNtOURzawBbR8sfV;{day,night};;
si_249xOHGGGAlUSTITlldhyzvxHD3;{day,night};;2022-12-12
si_23bIdi0xgGuegJAxpxRfsbco0RM;{day,night};;
si_23HZPZBQartKNMSb4OqkwGae1d8;{day};;2023-01-05
si_23FJkB84Q4TRqAYSEtBkk9Z807s;{day,night};;2023-01-04
si_22Kqaqk7jrKPu8iST5aCzANTDIy;{day,night};;2022-12-15
si_22cFzCLnOC0I2AvDvPO0YDWqtf7;{night,day};;2022-05-09
si_21PC6XXw0QRGLnV6j0I2yR9nKOa;{day,night};;
si_21gZqjBOKZyLL6oj8fwFzyirNYl;{day,night};;
si_1zMyUygLLHPVzYzfo47w1WHn77L;{day,night};;
si_1TsxdoqafUIOpvttA4u5xNtlaQd;{day,night};2019-12-20;2020-09-20
si_20fwJFmgzp3lBKfUirwY4SRLNuP;{day,night};;2022-02-09
si_1Zw3f2lvkC9k9JI1cbTIIa7a8lA;{day,night};;2020-09-01
si_1Z0KnMrXzTux5DwFbkNZYxs4GaR;{day,night};;2020-11-26
si_1YwzKSQx4NuQ2uyMtmSYf3qqCAJ;{day,night};;2020-04-10
si_1yUdmjl11oFQ1NNXU997FYRPJy7;{day,night};;
si_1ymkodVl5yqfHy9NOBZGgVf66S1;"";;
si_1yHTcO3Vn6D0e81tasL6XhN81zH;{day};;2022-01-17
si_1yd3aQRCaRWAG8qBiBphgOs2kMG;{night};2021-10-25;2021-11-25
si_1XU7iJHDxFmD6EzlHhuLAvBsHQT;{day,night};;2020-09-07
si_1XxUxiSyrCtyw3l8WDN03eBRMPh;{day,night};;2022-06-20
si_1Xfyl5Y7Zh895qOU01rYdv5oyyr;{day,night};;
si_1xD7lKIagUtDEsGCov2xjA4UmZx;{day,night};;2021-09-25
si_1wxbOTSFy7Kl0UAZCJ37FAdwqiw;{day};;2021-09-20
si_1WTaD5W5slwTtwC3hfzHSVkxrKG;{day,night};;
si_1WJ2XsiYDKiQ42LYjG40NROoXDa;{day};;2021-12-25
si_1W8FtqFxn704oS2PTJ6cMxOdiFw;{day,night};;2020-12-08
si_1UR7BdnhxMlVyUyvSwHFuh6Mpxv;{day,night};;2022-01-17
si_1uTxAWfqllLNEvCEFmqUwfzq6x1;{day,night};2021-07-26;
si_1UoUdVpuXJgO5uyRBIt4bmrQTtY;{day};2023-05-04;2024-05-04
si_1UIA4peNBatf6MSrUYtm0v2Sqkv;{day,night};;2022-02-28
si_1ufFqkSVPBSuUT7MJ0X3f6vP8VJ;{day,night};;2022-05-15
si_1UCgAqOZ7OVXtnUOGyxtpkbW4ro;{day,night};;2023-04-16
si_1XOQh7EGFS5DV4SJpsQf4QflV6M;{day,night};;2020-06-05
si_1tw7A5TQ0zFZxGQ43R63MZjuA6Q;{day};;2022-09-08
si_1T9maKmQcpATbVwbuxmdlDMuGcj;{day,night};;2020-11-04
si_1QMUofmbZr4jppuncaSuqXC5q9X;{day,night};;
si_1SYreE5OqPAkynwUD8xHdsokaTy;{day,night};;2022-10-29
si_1SPk1y6W8WabJusvLma98VdNM7T;{day,night};;2023-01-20
si_1sGvewlPHSQsoQoqVolMMltFYOd;{day,night};;
si_1QN0p3Hhu2nrpYwwuB93tVAtLz2;{day,night};;
si_1rR6FhnMPC22OW8PzCk0yQRnW9X;{day};;
si_1RP6eineyp6OI8wx8CaWQLScdLb;{day,night};;
si_1QZkXUDM0jxO9OBGRc5H8UISqtc;{day,night};;2020-12-07
si_1QyHBmyQtW5WSdRCtWK5T2glZbH;{day,night};;
si_1Q9gOO1iweXuIW0pNH2JhuTWG91;{day,night};;
si_1Q3ZhwUjWdSe8rFGXjuMCT2FLLL;{day,night};;
si_1pXpBzgxa2pheLW7ZTLzeek5mBM;{day,night};2021-04-22;2022-03-22
si_1PrsRVelIHSBXqn3blKcphinSrI;{night};;2021-09-16
si_1otqq781u1Mjc43GA7wLtZWGjPs;{day,night};2021-04-23;2022-03-23
si_1nVUjdqgF8lJLQxdzvBba5IPMQr;{day,night};;
si_1nhYlwjP4H4bUNPn2rpGxXfBJab;{day};2021-04-28;2022-04-28
si_1nCqLw9V8inAUv5BipDwO7gpamv;{day,night};;2022-04-22
si_1ls73yf2ed41O36xs81y3elezcN;{day,night};;
si_1lW2CVTLY2yGr15SgTYNKiT1hPh;{day,night};;2023-05-18
si_1lErakybqAjorevPNSNAwiliTys;{day};;2021-11-13
si_1l6080XPiBfvCIZrSfWh3Z527XS;{day,night};;
si_1k6WqOq09yxRTnXP5L4CSrZ0Jkp;{day,night};2021-01-18;
si_1j62tAaT0YtLkDRiEVZ66NhpDnP;{day,night};;2021-02-22
si_1jpxis55UXf8LPj0WFNAzXemLEc;{day,night};;2021-03-04
si_1j6XoPKVcYGydST4Up1rkPIMjog;{day,night};2021-06-27;2021-09-27
si_1iBHHhKI7eY8h0BGhe0UmaH30Lp;{day,night};2020-11-30;
si_1hVjozIhrJqjlSyIi2NVK4aevnF;{day,night};;2021-01-14
si_1gZwAXMrewl41PLJWrwZvgR9OUR;{day,night};;
si_1gEUKeX0skEMPFySfb1kLwbsgBB;{day};;2020-12-19
si_1fOeVV9b8r1GJ8zXTZrMok5aDQi;{day,night};;2020-08-30
si_1faWgu1dY3hSvyQxWxBQ1qU02XF;{day};2021-10-23;2022-01-23
si_1eRtmRDcKtJR3mKNAAmnTXarT2a;{day,night};;2020-11-09
si_1g09hbepknGJdmGoejnA6BEHAaY;{day,night};;
si_1dRWhGhKBVhlQkq3PNLzLO0VQqj;;;
si_1dk90EjPerAIpHfLrobEntAVaPG;{day,night};;
si_1d85Of3HEr3S36Ffk5JNvVJEjCQ;{day};;2020-09-10
si_1e1ixEncd55YziITeE8Ithvgk35;{day,night};;2020-07-30
si_1bGa2lgzE8HU2DFQ0HLTGj6h4eF;{day,night};;2021-02-06
si_1au67C6evZKugpGsV57Zwa0OJVN;{day,night};;2020-05-28
si_1bDdOSBpJ4AnqfcVkLGqxz3n5XC;{day,night};;
si_1aXZEjlYqXA0Ewh5g6LKgjfOwAA;{day,night};;2022-12-17
q4jCxZFDa0dMw3vZF;{day,night};2020-09-23;2020-10-23
RAmnuPPshDuhcmMC5;{day,night};;2022-01-27
makV3Lu4lFolDvEGV;{day,night};;
MRvqshkQrNZaQ7oAa;{day,night};;
AyjhoGGS7MPn4kX8m;{day,night};;2021-12-12
f345KJqMC5v1LRye1;{day,night};;
bGYS8mSWtrLs5a5vR;{day,night};;
si_1e8TRXDLoEaXs9lxOyp3UK0cNWu;{day,night};;
B2evwAIqhyHHpG1un;{night};;2022-03-27
b3JHBVC8UkEFX5i1o;;;
cSvTJTXAQHLp5grLw;{day};2022-01-23;
FQTI3yuhAr3J9XkYX;{day,night};;2019-12-16
hxv7y9ZLJxmcCc0Ia;{day,night};;
n4hx1UOK2O1JxfhAb;{day,night};;
pJjSpQFQhYQWeScD8;{day,night};;
OJLW3rmAlWjJIhVfw;{day,night};;
si_1b1jReNQ740PLaV1ZiOKjgV5X2V;{day,night};;
si_1b7VqW5cxZQxGIrR0AkS64CM1zD;{day,night};;2021-04-27
si_1blCep15cMR7UiTb0mEe6rbiy6v;{day,night};;
si_1blzPiPMggvgbCxeUGwSPgUOyb2;{day,night};;
si_1btSKCgyzo7exov16zqPhgJWC7L;{night};;2021-12-14
si_1cwOl0E1q8Lbu5PEfyHclIz4hzk;{day,night};;2021-01-24
si_1dlj03nPPqDBkLLoUTgAmXzreCO;{day,night};;2020-12-24
si_1e1haM2qHYPYQHYjk6osJVYSfUl;{day,night};;
si_1e9FrhbiQvQSY2nCXsDRA051Zot;{day};;2021-07-02
si_1tn5ncOY6ExSZJi9zH35x9MyAOb;{day,night};;
si_1VGOxhAszoAslZAgcGcwrh7KyVj;{day};;2020-12-20
M1tlyiasUcAIPiwXg;{day,night};;
si_1t8XpPIRKQRmIRxcHda9GiTFReN;{day,night};;
si_1vDOaIe3frsNPV4BH5uUEBCuXbA;{day,night};;
si_1ua1stCE9labD8yFW1caplBTPw1;{day,night};;
si_24n632HXcTcfClG4jfON9YFLQV0;{day,night};;
evuyzYwQf4z5WmhSM;{day,night};;
si_1oiaLZ6QnHDZIiswSm3NF8FVfmK;{day,night};;2021-08-22
si_1SvT2bF6ja3nv3iNDh6dRCEM95d;{day};;
si_1VFkUSASIU9643VEYecaws7gXfr;{day,night};;
si_1V6YbHw0uSGRAY0GzdsA0SyLDTG;{day,night};;2020-05-17
si_1t82CA16TiRy3r8RxqlCBKs53ha;{day,night};;
si_1U9l9n8PFvaevBpJ4M85AfZG8yX;{day};;2020-05-18
si_1vGgr8VGthfxl40Ssv7zRMLBWfp;{day};;2021-08-13
si_2560Wpl3FHQj3p6TtN8LuMAQAKy;{day,night};2022-05-26;2022-07-02
si_1SYkEqYsOGGXBltlBHIVjkRwc5d;{day};;2020-06-24
FIodbpY8hdpEqbSFT;{day,night};;2019-09-24
si_1itTdwztLuh15lho1jtt9r2Noag;{day,night};;
si_1oQ4JaBbXensjz1WArrmKfWMlwY;{day,night};;2022-03-04
si_1QPaB77lALHgtxY9XOHocWS1Keq;{day,night};;
si_1slLta6SIBljlkck2Evj4nZ1jyf;{day,night};;2023-03-16
si_1QkLNHTzXXfXUVrgHel2Dye3CMY;{day,night};2019-10-12;
si_1VAlGqdCnSw0ZqEY01e7ISrlnqh;{day,night};;
si_215E3zJPcDFy4I2F0D3tpergoi8;{day,night};;
si_1UwVzxwNbBZDnl6M5PjXv22Ihl4;{day,night};;2020-12-13
si_1yigKT13kQa8Ij0KbdiB8Fs6r2A;{day,night};;2023-06-20
si_1aDW70Cug2CbpwaN4627vH0RQTm;{day,night};;2020-08-07
u3NnBgH34eAvVmrAw;;;
si_1Sxy30p1KrRMjknJ6QLikPRD54p;{day,night};;
si_1kVRhtiiRfX041oBcWTMqEsfuTQ;{night};;2022-04-18
si_1UXHfqqxo9pqWIIFaRTdnOkShVn;{day,night};;2022-04-15
si_23MovvEkmJ6FfcmY3M9NCasx8YZ;{day,night};;2022-08-07
si_26cpwAWgMv6GhZFLJlZv9xj2GBI;{day,night};;
si_1XCuNTCxGpJfpmUtaiSIDELyhux;{day,night};;2021-02-01
si_1u7Bh4mDSGeM9Vd7YegtQl4HY4i;{day,night};;2021-07-18
si_1kMqLLDdWiWZDsOEbeyfMcWdmQL;{day,night};;
ela26rVZC7YfPwLbG;{day,night};;2020-07-28
si_1eSJxc7dmQZZ9It46ZDfGcBEkBC;{day,night};;
si_1iarIJf8U56zdKD1NbjdPIF5RnS;{day,night};;2020-12-08
si_1VXB5JAVQHoarbUFPr495syn6yg;{night};2020-01-26;2020-02-26
si_1l3pJ8pj34zO5EBumNhfy49QxaJ;{day,night};;
pi2KupbsJbioJRR5r;{day,night};2022-07-06;
si_1qdYzzgR2eKw9hP3B1scAc38URT;{day,night};;
si_1s4inu1FB6CkjtOKjcFzveu7Sct;{day,night};;2022-05-04
si_1smnBMNC87h2AwbabSEnFaEIMOB;{day,night};2021-06-20;2022-06-20
si_1huG5qbg271SNCcRgPEX2ufTp51;{day,night};;
si_1Qbszq08UUQV67TO8clei0bBRQb;{day,night};;2020-01-09
si_1ST00Mq0vTVQjjEGlOBscblRKpA;{night,day};;
si_1V6KFJBdzzqYxKtY04xpLFhDNJU;{day,night};;2020-08-17
si_1xv8hPlTRD14vmgrCY7yM3DlIsT;{day,night};;
si_21hjrM72eVoDW5YGh3MCpp9qCv9;{day,night};;
si_27pVkV1RRyms1AxYwmBlkal8e0D;{day,night};;2022-07-15
si_1U9n3j4cXPL8zht0HYRL0FSjIrZ;{day,night};;2020-12-24
si_1WQPFOlk5FnZIpMWXtnncK4rsZN;{day,night};2020-02-15;
si_1Ycusa4w7S6RbOlFkcWTnIsWeYj;{day,night};;2021-07-31
si_23fKZBfy5TzLy7t6k4tYvauaa37;{day,night};;
si_26HpCT0pEH9zVM1JiLg9VJ2591s;{day,night};;2023-03-12
yo5CAZmO0j8MElvQC;{day};;2020-12-03
si_1kIWWg5t46SHJ4NYNI4h0l7kknh;{day,night};;
si_1s5SUwMKdwme5ACnxK9mRwmp5GW;{day,night};;2021-06-05
si_1SMjrYN67otZquSWidgMOLpEHfm;{day,night};;2021-11-12
si_1iTJa2xBqixQAo7ZIKI342Hz9QL;{day};;
si_1hVD0t98Nqu31t26FSKwsJ9gA7s;{day,night};;2021-01-14
si_1SM3rRCWDCAC5Nh6DmlWS66HsH0;{day,night};;
si_1vGlfZm7tNaHTDBwleoqsoeUHRd;{day,night};;2021-11-13
si_1xdOo1UUbirZZjFLSP8Zq1aAOat;{day};;
si_21QcyFWxB9Rg8f6qB3u93NwcLLv;{day,night};;2022-11-25
UAuUjjlExTI6stuCg;{day,night};;
si_26ifK18lUWvrZxYEHwc2Chi6nBZ;{day,night};2022-08-03;
si_1ZgoFVfu1wglxrGIVIxSZ5FVakt;"";;2023-02-20
si_1Y1oFWsbNv1kTUjlp7UGdaUgMjf;{day,night};;
si_1VwL9W41Q41vSXG3g40zyAOXfI4;{day,night};;
si_1TlUpEOe3Je4Vpbuym0BqwYCngD;"";;2021-10-01
si_1rkjNynl2rjsiYwqMTU4YDuwzm3;{day};;2021-06-27
si_1nW71sZJRdffF21iiZYWcfYxu0U;{day};;2022-02-23
si_1lsOYZSobWgMiDVSWGVmgZ06f0a;"";;2022-12-10
lN4MRGRMZrmIGBKTs;;;
Q6LSqsSPhKYbHgL8a;{day,night};;
si_1d4bpZE9tPHNjySLmenhB1zxSLD;{day,night};;2020-12-09
si_1eXzs1bdFiPxQkce3Rv5F0HdEUe;{day,night};;2020-10-11
si_1hq9zgQS27izHnyojTvrPkELqRn;{day,night};;
si_1x8jKOx9eNMYz7gBie26R37puby;{day,night};2021-09-23;2021-11-23
si_1w2xbQzxfuukF5gdtWQsEiMgn2w;{day,night};;2022-07-30
si_1Uj1mbvOK5J9YSxCmUrLkKJdotP;{day,night};;2021-01-11
si_1kQ1f8WNtDNeONUhW6x6lK4Ywbd;{day,night};;2021-07-19
si_1iNG4TSehBGu5u8dSioEjF3jQyD;{day,night};2021-02-10;2021-03-10
si_1QQgfR7aOFBYOADVzSgwRGymt5D;{day,night};;
si_1Q6onXfJqhNJXSCPddanxwWenUS;{day,night};2020-09-19;
si_1ipGUdMKKHEAmfms8oYysFBgTXY;{day,night};;2021-07-18
si_1RsJ0MyUqxNlus1ikGTTX76FzxS;{day,night};;
si_1RyNX0D2mkFeVmPPqsSCRFHaWlF;{day,night};;
MIw8IqyhZSqXiKAKI;{day,night};;2020-01-18
ma49g46KdUfOoSNNO;{day,night};;
si_1eGDgeB7XDVt3yg5FN4zxW9pQen;{day,night};;2021-01-05
si_1hoJYSBxM1txIDq306qQzbrDIIH;{day};;2021-09-21
si_1kvlyIzZyK10YuzXrViSL1YMd3m;{day,night};;
si_1QbenWyFLY6e7Me9RNizC23jICc;{day,night};;
si_1RxXOf0usr10MW2Cg73cRRmDTCf;{day};;2019-11-09
si_1sLSqH9fRD7T1y2is94UvtdYwTS;{day,night};;
si_1TQuUZGtDstTIRW5Wo8lqgslGHC;{day,night};;
si_1V3xi4ZRhJy0ZvtzfyrM5A0II9Y;{day,night};;
si_1WA0NtH07ml4BvbVrYsZ7fEbM0t;{day,night};;2021-01-09
si_1xUInCiJRIUHNOEHM6mB7MiPt1C;{day,night};;2022-08-31
si_1z5U16gAOEdUtJf4MwtzSZFuuBv;{day,night};;
si_1zMpljMkebY269dBXjKLvW2U9o5;{night,day};;2022-02-20
si_24nOMjccpXACB3phXRSt0rPV98t;{day};2022-07-07;
si_27TH3Gycv4naADPyscIDYL4yFZw;{day,night};;2022-07-07
bq1kFjPCj2tipKP2g;{day,night};;2023-01-06
si_1U4W2ZXZCHN0C6XCorUXAaHKQkd;{day,night};;
si_1VhAN6ldndyZ4z2Uf9TkQUIwpNN;{day,night};;
si_1w8fqtbGtXep5fV0F8V3hHQWYMS;{day,night};;2023-03-26
si_1xdFLNBRoQUVUSilJ7inuDpEddw;{day,night};;2022-04-19
si_1Y4M6ACFr05sfboMg4QRlV3kBYJ;{day,night};;
si_1ZG8kFRdKRVtC2CZb7Xu1cyUbfP;{day};;2022-08-04
si_21KekGte5A876H1VpyRXNhdfddS;{day};;
si_1SYrK9kPbaFKGVadtllPDHflcJ3;{day,night};;2020-10-22
si_261O2pYlitDwrC48fJIeywpvFsv;{day,night};;
si_1bFjTeMY4KJOR6dJGQv1j4Y55TI;{day,night};;
si_27NJ1bzcmlpGa0vYygtXApK55Gk;{day,night};;
si_1elmRKZKmHRWGex7sc54c1hYopG;{day,night};;
si_1i8qoRZH1sirjFPdT9Sp8IRtIvA;{day,night};2020-10-28;2021-08-28
si_1otyzPGlwsjherBJiwitYZscCh2;{day,night};;2021-12-23
si_1RYyLy7KBySBxGhxdUgD7oDwIPD;{day,night};;2020-09-30
si_1ar28CrfrfC5VtctOGCzxRuOnsY;{day,night};;2020-06-21
j3OG5iBkm6CaZqwM1;;;
si_1agEUbvvuRKDmQIu8Bxs30JMEwt;{day,night};;
si_1f15Bbaq8sr5UPhFnR8SpFpKQVw;{day,night};;
si_1kKwWaTpm1Dr5r6jTwhbK6VXSzx;{day,night};2021-01-17;
si_1S0syNC77h9ktb2WcJAixwG1V6o;{day,night};2019-11-19;
si_1QsA2Pr2mFzaZ5N8X2EpBK6Ef75;{day,night};;
si_1sLevWH9C6qMFxgPu3UgIT2Nb4S;{day,night};;2021-06-10
si_1Syq06dGv34r1bq1SQWEhwDjJqo;{day,night};;2020-06-30
si_1UIH5Rz0ITpzEVEVKG9t4S2dDGY;{day,night};;
si_1vWwkmaGLRQ5GscpL5d1QO7nQem;{night};;2021-08-19
si_1XAVpLESlJNJvLisq5zvHtDUyBb;{day,night};;2020-12-31
si_1Y88Llsmfd9M2mgsEi0jNlL1tK4;{day,night};;
TT8zt5zWb5nj7jMaP;{day,night};;2022-06-22
si_1Xx3qqnP3oJVaHxr1Q5wBuLDYE0;{day,night};;
uQYrwD4ZdmMAacfTA;{day,night};;
vfOJTnwkQFGo2YV3E;{day,night};;2022-02-25
si_29eaHwOtkYWHjHPxRvayODrjLj2;{day,night};2022-06-25;
si_23Mr4o9eEORBl5GMpq1oyf46iYc;{day};;2022-02-07
si_1zJd6OYu4xueGUDOaw8jfJXIJmw;{day,night};;2021-11-10
si_1Zd7nIetcpbrwkUrSH2cFQvJW6I;{day,night};;
si_1Y01dmNdunaYUqHVwbIkqyqh6Gr;{day,night};;2021-04-25
si_1WCdSYbe6yA8pvMbsNDWps850K2;{day,night};;2020-02-10
si_1W3ii0BuRFrpbYqNkslUV3qrXoK;{day,night};;2020-07-07
si_1UIUf30gx5cnO7vLYB6pZCAuRvq;{day};;
si_1tpdZXCqCCRSOTWSKdYvYLweE44;{day,night};2021-07-12;
si_1SZPqYb2fJNxk8bkCzb6qvi9jX7;{day,night};;2021-07-09
si_1rKwuoUeZMJRx2JVYy4yjDicgLS;{day,night};;
si_1QPn1bGroYGn4VbzgFo5TD1hEXg;{day,night};;2021-01-23
si_1nQxfu7htyYIamk4QESislR0E3T;{day,night};;2021-06-22
si_1iEdZz6tH5SyI69KwlCaE4z23QA;{day,night};;
si_1eYoHJphcdVovkSGriUgWbzGJOo;{day,night};;2022-10-11
si_1b8HYUUYytr5nrZ3mIC9o8dkWq8;{day,night};2021-04-28;
si_1aOkMq7jjMNOWqCnDO21MCuEBwO;{day,night};2020-05-11;
si_1Y7ov8A112OStsPR6Z9gQVhrmph;{day,night};;
IHZ54eNWa1TBXcJOY;;;
si_1aJtaXAD8M0NmZGI1M2OK5hOsDV;{day};;2020-12-09
si_1beEPkvtz1dY8dxGVJj2jlSfkp5;{day,night};;
si_21JitZdflk7COxoVuTCP5iF9Rkb;{day,night};;2022-11-27
N9875fHiXggWPRtw2;{day,night};;
si_1yAXSNlQet9bhcRcKasdxHy746l;{day,night};;2022-01-15
si_1YBR6or4YaPttgJMCTKMimuz02Z;{day,night};;2022-08-28
si_1xx45voc0VE6BRuhMrXBExIYgfj;{day,night};;
si_1XaDLJWsrHy4ohg6mSThmwZSFWb;{day,night};;
si_1WATAINpylTgiUMUTInwanwfKJo;{day,night};;
si_1vzUzLBK6IMOa5Tj2nIwUxyfWNN;{day,night};2022-02-28;2022-03-28
si_1vG45Ny5TtkUsiDYBbYi1Khtg3t;{day,night};;2022-07-13
si_1UW8mqzmXRtrnxVnCFhfvL4whF5;{day,night};;2021-01-07
si_1U3uUI7CMslImEeMZ1N3rWq4guF;{day,night};;
si_1TlTlLJ2zqMaiJ0pNus0iTxNdJq;{day,night};;
si_1SVdVX3WN5w1vnpPvWRsFmHk6RV;{night,day};;2021-01-07
si_1QqaoflSt0qzk3UUEpLX2nSdMZT;{day,night};;
si_1RY3EvUjUogp1RW0OWituAA24cJ;{day,night};;2022-01-22
si_1qRgdCxvobOMfyym9YKfqzvmvAz;{day,night};;2022-03-10
si_1oez2TYL2QYkR5V9dHU2dK9PaRu;"";;2022-09-03
si_1oIBGFmuIOBUyHJR7jqxgPoMcvc;{day,night};;
si_1lLMDtokQXnd9F4Aghw6xK8pCC1;{day,night};;2021-12-07
si_1irgEBktycykm8QDAgOzIcmC3i3;{day,night};;2021-02-14
si_1eXcUBx98wPMpKZbma5xKrMlKDv;{day,night};2021-09-08;2022-01-08
si_1qRo7Zr1RB120oXd37cclPv0MbE;{day,night};;2021-12-22
si_1d2i5R3GBGhmCngdd2MHfDutkoQ;{day,night};;
si_1avfusJMOcu4XRO6VR8jbbtr2GR;{day,night};;2020-07-23
BQTeY8jsXKgNynjH8;{day,night};;
ibbvJhSrW6EEzL4Cu;{day,night};;
e8kLfBhJcbD2cp0iZ;{day,night};;
hEiQhB76Qp9aHvjfx;{day,night};2022-10-26;2020-06-28
si_1b3kKLU6iZcRxMswjgeXhHE5KMe;{day,night};2022-05-20;2022-07-20
si_1cjtnweH8yhpSqG1o9D0oSUFbq6;"";;2021-06-02
si_1eU6Iid0HmRTf3weaWZlaC86gLp;{day,night};;
si_1fNgR3n677XPRUVb1Dotlkc7wa1;{day};;2021-07-30
si_1iEomRmFvkzXXzNosVWVML3MZPc;{day,night};;
si_1kswb8XsyRCFvFtiPXMFiPFZWnJ;{day};;
si_1QN22hkfKmMEciKPVokgQkLrfIl;{day,night};;2022-10-08
si_1QblZBVaYbIvk3HBGOdK9ENOrDu;{day};;2022-01-12
si_1QpSTMr0p3hqPPV027MF2zG1oa4;{day,night};;2020-09-14
si_1RsaeyCzCiGDP9TwsnFvpvPCpbx;{day,night};;2022-12-16
si_1sKVlAZTCaI16c7iGh7c2ZbqBsR;{day};;
si_1srbc1pFJXLeTs9AK5S1oYzyIDT;{day,night};;2022-01-21
si_1t5k9Sl5sB06ZrPl1KRPx3UAAJs;{night,day};;2021-07-27
si_1tPQYfZHn0vcKQ5UfRWQN3x0Lig;{day,night};;2022-07-28
si_1U9kY1dByJG2HikcyGpbzDpmXN8;{day,night};;
si_1v2TEjTHEYMzfOeybqtQAcC8TLF;{day,night};;2023-02-09
si_1vwntcGwGa5cmkK0Uh83YEuQnSV;{day,night};;2022-01-28
si_1W9kwCviSxNCmZykCc2FTLzxCgV;{day,night};;2022-06-24
si_1X7m1ZZK8MefFZdt4At84BXsoiM;{day,night};;
si_1XFrpgxEKirBw2A3FcEofetwUvT;{day};;
si_1y4xn57yfc8UmQYlX78Ww6JNcnN;{day,night};;2022-01-12
si_1z71dATPMiOQ3noLiveOULWhUBO;{day,night};;
si_1ZfhOKxezJqmezO08Rgip2DkJyV;{day,night};;2023-03-23
si_1zpB7fkCRACbQPXUI4cXECIX1ry;{day,night};;
si_23HkIxv2CDUHq9kT0zTA4VHdb6E;{day};;2022-12-05
si_24mPj0MYOT6HREV7uMgrVAQd82P;{day};;2022-09-07
si_25pyUqQqChPDgfbMhDT78eWf7Px;{day,night};;
si_27SfXswT71ITABYyfPtMtOJNhqW;{day,night};;
si_2ATzqenrPacRVa3NhaUzVNvD1Z7;{day,night};;2023-07-28
y2zDbLmZMNah7Nqj7;{day,night};;
si_1faUIBjgK0eQOLCcs91yJl7ED8V;{day,night};;2021-11-02
si_1TMuD5a3ZGHHGwNFmxIGUUULrtX;{day,night};;
si_25QVVk45pRi6nxk5AAl9zay2t3T;{day,night};;2022-03-21
si_1d6D3OSqyqPNqZWA3CxS8nry62k;{day,night};;
si_1VYVgsCHPN9VsVFmkr0b4qYTcNP;"";;2023-01-03
si_21low5gvbYeQr7LtK8tPLTb5wkR;{day,night};;
si_1Xw92oEisipeckm0XUmcNHJnc52;{day,night};;2021-10-29
si_1wTrsqa94reBn0SlOFJ3NLM7csW;{day,night};;2021-12-09
si_1xuiIzcqvkVFjqWsDb0OXoLcFcY;{day,night};;2022-01-09
si_1xYKJQRIPQGdrlRO7XgKgWj3xiy;{day,night};;
si_1wr28XslpaeV0yVZgQoESX5OxDe;{day,night};;
si_1ZcRrR7LOuJQtq3Ji7tNqXOzyKM;{day,night};;2020-09-25
si_1YcXRCRCtwWfQPN9z82rs3aCqnC;{day,night};;
si_1zo9BPjaWUvXZIh8YNTGBQJ4Tv4;{day};;2023-01-10
si_1uw1BYo8nbW2T0iJOKsoEkSxDVn;{day,night};;2022-12-08
si_1U6Ly9XZukBwAkrEvShcZrM57AC;{day};2020-01-25;
si_23WmpUUpsozpPsaLhXbCRiKj0Wz;{day,night};;2023-01-10
si_1aZDOganCGacvbzcE76vQGTOXgu;{day,night};;2021-03-15
si_1u7sLPF1skCJ2ilyOxsSWuIRtTE;{day,night};;2021-07-18
si_1RZrnu09S7bqZce15cuUu6VpBVt;{day,night};;2019-11-01
si_1QefXaccNdYmmyeZFNH5fxSRRcn;{day,night};;
si_23MroO0bNXtS1pzqoCXm0pjtXXW;{day};;2022-05-07
si_1aULQcDXLbfirlpbe9nMzOQycGj;{day,night};;2021-04-15
si_1cJkDjQ58r7Ncr1hpBBa0Au0q4x;{day,night};;
si_1iSSesPosl82tolVhy9zY0J1eL1;{day,night};;
si_1fGmivgBDiIjTb2zoOG6bPlW71B;{day,night};;
pWwf0KRy9PGA3pavC;{day,night};2019-08-21;2020-08-21
si_1ocWxwZX08xqlost4DPwzO5k0zH;{day,night};;
si_1qppaH552wZscoyPtgjSfFQUfzt;{day,night};;
si_24m0mr3vN5X7mCOGHEZk8HG7SGr;{day,night};;
FhlGxBg8WYv9Jl92O;{day,night};;2023-03-08
lnQ8yS1xqv3AnQhXJ;"";;
si_1U9BWqnwdHWzcnvAIeQfuVQ19eO;{day,night};;
mYZG9QBqvBOt9XSyO;{day,night};;2022-02-25
si_1eg4vlJ1HGFK9vZ2DIurO3kA5SC;{day,night};;
si_2CAIBOPJqOOFiZWuLm0gCBOJzOV;{day,night};;2022-11-19
si_1aj5S4DzHj8lvZDIpgwqEDdrP2P;{day,night};;2020-05-18
si_1cRfLt55StgY8Kc2g0oXd16WxzW;{day,night};2020-06-26;
si_1aYwKgLQdWcB7OgRifrQlhBxyd0;{day,night};;2020-09-15
si_1ieDiNtFzDm82aPgGOX9ylEL7TU;{day,night};;
si_1kQFBrTdI7JufsBQLKEMww2tNK2;{night};;2021-11-17
si_1nZmYFiW5TmxcDyE4uDVn1b1jiM;{night};2021-02-25;
si_1QQ8SKRTt265LrKkArPsghqifK4;{night,day};2021-11-10;2021-12-10
si_1qUGEezOGBQApTwrmYCDGZJVNuL;{day,night};;2021-08-30
si_1RsYXkkaBWWLRA1PZznM4jpUYJg;{night};;2020-10-28
si_1RylZZRQ6Xj6AyL25C9Hv5MxLCG;{day};;2020-07-17
si_1Sn3d78uiCqv0EEFWVjen933YU8;{day,night};;2022-11-13
si_1TnatERbM9razzx5n7xhfcIOW2U;{night};;
si_1kRidGFIqlcbfHkHBBUUXpn8eyN;{day,night};;
si_1tn2cLRT9KsGe2tKyDwp8Vqx3DD;{day,night};;
si_1U7wtzgWmuUM3N89mWxLLSmuBTV;{day,night};;2022-05-24
si_1vx7xiVcBRd4Ty1OBCAXfdOzazu;"";;2021-09-28
si_1W9to4jlcpdkwfzERXUijg0B9e4;{day};;
si_1y3ZnYT4NstYdAiYnq0aR61EqzM;{day,night};;2021-10-15
si_1rZXXemjKv4nDM57ruHllPjQr6d;{day,night};;
si_1y8Hyq4W5kkfvpVMRBcMmn0XAuw;{day,night};;
si_1ZGnNuorkCJ4VAv8CnwHnmP1ffE;{day,night};;2021-02-25
si_1ZRrLvctxc0MdeEucQpi1RHwiUB;{day,night};2020-04-21;
si_23OKzxfBNgIfNN5KQwu2ZzmbJZr;{day,night};;2022-05-08
si_1SYrroGRABZEXh0pYccVMBFP5Rz;{day,night};2020-01-22;
si_29DAXUnRl8rRgISnyp08EFXf56m;{day,night};;2022-11-15
si_27NPwDTmrvtAWul2pdZd0awvzFs;{day,night};;2022-06-06
boPQZsvaLDJok88p4;{day,night};;
uhGtX82nUkFxtoio4;{day,night};;
si_2C4Cspf4HNKdDzBd7YqEhSk4LRX;{day,night};;2022-08-17
si_2ASl8JSxbjCA4815XBdALCqtvsf;{day,night};;2022-09-12
si_2CApCYNi6oSRrG0Qf3dDFVa6zdY;{night,day};;2022-09-25
si_24KT93YOeAkT7qCwk1akYW3AlqR;{day,night};;2022-10-28
si_21NCqq9cf253ZnVXo3o8o8pGhZV;{day,night};;2022-09-07
si_21MIDlU2kSVlfG02UFKWRLNzoWv;{day,night};;2022-02-24
si_1w395pnXsDi9i4RsZy2WZzj3Uib;{day};;2022-01-08
si_1ZctSYrHCfPvHnOTuasUCtQqmnk;{day,night};;2020-12-25
si_1Yf62XFX9iYVTQP5RzL6AP3o5Kl;{day,night};2021-11-07;2022-05-07
si_1y7IBvGIju7GlnWWmU0EHmmIVGY;{day,night};;
si_1X6XnzgEdOKXCAXXqpl6RROdX4C;{day};2020-02-29;2020-04-29
si_1xDzSzyuSelYMfxfU7KtdUxwESU;{day,night};;2023-01-17
si_1Y2BPqk2Mm6bjGRV5YeDa9BhRM1;{day,night};;2020-09-19
si_1W44AIs6pdKe4uWGLE7Diao7HC5;{day,night};;
si_1zEg9CIaQsyL03ypxtOu4Opzmod;{day,night};;2021-11-08
mxOH22ncS3JIIbUDZ;"";;2020-06-18
si_1aRozfGALMaQSSsQt9Bekcgeld6;{day,night};;2020-08-12
si_1axczXWsLORNJbuWUdu09hGlEhn;{day,night};;2021-07-10
Pxx6HeCTaok2NEtsr;{day,night};;
si_1eOMjk59yC06eKwIQDZEKvM7nbS;{day,night};;2021-01-08
si_1cUFEZdJQ8P7TadAKVwTrySExSl;{night,day};;2020-09-30
si_1f0d8eB6PZT6DGyg2NhiOb0zQ4B;{day,night};;
si_1fjXI9CWiEPmZ7cCwcJVLurhfhQ;{day,night};;2020-12-06
si_1ikCu9jGh1PGXgnPWWg7nvHWtKT;{day};;2021-01-11
si_1hUuEpMjluM1EbVJvwx975AvbeK;{day,night};;2020-10-14
si_1kXBmLOMt9bJrlcbFryzG3Ar5Cz;{day,night};;
si_1ohsz6JYeaFTx4flwb2zxlxbtI3;{day};;
si_1Q3QM3VMGQEsrzz7c5SK0aoJAwp;{day,night};;
si_1oFm5S1xfoXLIn9w62TcVWFqQGS;{day,night};;2021-08-09
si_1QeVt0bnsiVHeMEB9zjbLbWwLPF;{day,night};;2021-07-29
si_1QQOQvo09gwrIrCPL5E4F8FdIOe;{day,night};;2020-01-05
si_1RZ4daDXd3jeEm0kWPcj28TGHuC;{day};;2021-05-05
si_1q7fCNYTaKhoFexrDXHUe0wXUi9;{day,night};;2022-03-22
si_1hMFzIkhTxpl7ssBEzgd2W01KVi;{day,night};;2022-02-14
si_1tLSkEdTqPM2ORKBlqBQXVfl8Q4;{day};;2021-07-01
si_1TnY13MIf0K8erbNFQQhXnW4UDr;{day,night};;2020-07-18
si_1tPnW7FjnF6L8dSQqjvTuQ2Gk9t;{day,night};;2022-09-14
si_1U3sF0sDVeRI46nR4Q0fqFZjEGk;{day,night};;
si_1VF3L6NvI8KlERW468fuilzuuWM;{day,night};;2022-06-23
si_1vXFh6lKISx4q4O1OrFvZPIAAEy;{day};2021-08-23;
si_1v9Ht71ysA24vXYeiC6urNEODB0;{day,night};;2021-10-11
si_1WaJgnjvd4E4lvvcVvKGh3YLDQA;{day};;2022-09-30
si_1wxFfBiNb1Izo3MV6typkQEkbTn;{day};2021-11-28;2022-01-28
si_1v4ZhiTA3WWTslExsX0z43AvcGR;{day};;2021-11-09
si_1sujegsXofYV9f3VNA0iojKWwaJ;{day,night};;2022-01-23
si_1xz9nH3Yd8InH8MjeD1LVQnNeR2;{day,night};;
si_1Ya4fpvGBpEZ6aLNrLE0HDmCWez;{day,night};2021-08-18;2021-10-18
si_1XXATAvwsp66HuO7kzbXYRXAmFl;{day,night};;2020-12-08
si_1z8lqvZMimo0i6ueuXwoRpUHJJD;{day,night};;2022-10-06
si_1ZqkgkEP1yWCnK73hsLX5k6GPFg;{day,night};;
si_1Z70fAcEmeZV7NOrcCjLuSh8dA9;{day,night};;2022-01-28
si_24IasF7CQxNugsW6YXZfZSPyUjH;{night};;2022-03-06
si_21GdNLD9EXfGrq2jkxYF5kUU7kX;{day};;
si_255wSB32XjyqKm9YbiiWpkzdgTs;{day};;
si_256zSSvmWCltgceaM9PUju5YV2A;"";;2022-09-14
si_24roXRoku76CfDbJqCHzy5pEJB8;{day,night};;2022-12-09
si_27SxmNcRJoufchaLchDCkDFyxiM;{day,night};;2022-05-15
si_21at3xrBS0DvME7icYtQX2GIVpd;{day,night};;2022-03-29
si_2CctzjfN6AwdL2LfQ1l9LciE5JK;{day};;2022-09-30
uEBMRHhptR7SFpxWG;{day,night};;2022-09-25
si_2AwgrbIdujaBhIEuAyNqsdArRt3;{day,night};2022-07-22;2023-07-22
si_2AnV0pbLoMemtYDtE5DRBgHW4tS;{day,night};;2022-07-19
si_29QPM1N1hr0TZFR8874W3x5fPEU;"";2022-06-29;2022-10-29
si_29khPov4YxC2Zfa3XbOaaFNEd5F;{night};;2023-05-27
si_27V8489aZqBXAcT01HugZr2Xzz6;{day,night};;2022-10-08
muUWIIAsxPDTrVwgZ;{day,night};;2020-08-15
si_1aVFVoNzOn3V5ocKfXqw99ug4es;{day,night};2020-05-13;2020-06-13
si_1ffudfsS0YhhSCm7DtMgJUv06Pz;{day,night};;2020-10-15
si_1fOxVihdUSDHfnstej4VoKElN9J;{day,night};;
si_1hSTWMqlSRj6Iip7bHa7T9PWZqN;{day,night};;
si_1aUApMQTuEUWZoe1f3acNUSoRg4;{day,night};;2022-03-03
si_1QkB8hwkteKBv15pFHSd9OZOcd2;{day,night};;
si_1ilogex1b8PoW8QgIsFpoLIsPCr;"";;2021-06-12
si_1stQEom7ZL3CISKEaqmyzGjiLH3;{day,night};;
si_1stucfGcxEAnkNwgd8hwLeuvNZP;{day,night};;
si_1tnYAVbYP0W5DfadSvRepHcRSjS;{day,night};;
si_1TOV1z6BlaBN8V0kpr3YA9k9aQC;{day,night};2020-02-20;2020-06-20
si_1u3MaT2Ds4uioiLnQF5fMBj3Rxc;{day};;2022-09-15
si_1z97UKdhBNfjnnmPrNirTdmZQLs;{day,night};;
si_20xExXBsYUxYM82cloKCNgOXgHr;{day,night};;
si_1zoMzIUXrdqSygxQFQvftHcJLli;{day,night};;
si_21gYUOveZj9AVdWv2qRXbHvDwOK;{day};;2022-12-01
si_24rmI3aWUAdsXYVG0iPYUohTLJz;{day,night};;2022-06-09
si_23tAoxaVlm6MHXUqBEm6Kk8pMiC;{day};;2022-02-22
si_2555sMR3sdvl9T1MnmcapaUocEB;{day};;
si_24wDCcR8JaalYNsdxIs51bjxDE8;{day,night};;2022-04-16
si_27TbofFtO1nYQgZpKEy3raJtuuc;{day,night};2022-08-05;2022-12-05
si_29GDNxJ9jBVfrU9z95VgWy8Mpzf;{day,night};;2022-07-16
si_29kweoJ3pAs6hC1t8L0RfYe8gx0;{day,night};;2022-06-27
si_2AP4aCA0JF6gECbG71bsMZKrNLE;{day};;2022-09-10
si_2Awd8P7Mg5PUCBaWmOYsA1x0wZF;{day,night};;2022-07-22
si_29kwGg5wuciLDR3fMZwPyzUn1CH;{day,night};;2022-06-27
BWfpwrieFhLaf4acP;;;
XZLSymu2mgSWtuMPN;{day,night};;
UQ2NNppJiS1A7vADY;{day};;
si_2BTVdaPBzpIrq7AWa10F0RYZfnz;{day,night};;2022-09-04
si_2BSAiJvRYcmwuafhDa40CXsHgzo;{day,night};;2022-09-25
tR1o2Avxk33Mlg5fj;{day};;2023-03-21
si_2AyexmQDu5sLylIVZcfQBU0WIUs;{day,night};;2022-07-23
si_29RZavRxZdGsQ5o9U2fLgbs7TQn;{day,night};;2023-03-20
si_2B1lccgowzRcCyDY5jERlhUT5h0;{day,night};2022-07-24;2022-08-24
si_27ZRU1GctLcdejLZcAIhUkACBs8;{day};;2022-05-09
si_27mXHSM4rTwfX29NrMeof1OcE1U;{night};2022-05-14;
si_26CfsKIPn3CWLkgtEQzm9iE4D4i;{day,night};;2022-05-10
si_2BqqvzqH8NIjhMEMaLAQcLX3ViK;{day};;2022-08-12
si_25qeNKnC95830olGtKaoE2gJJrA;{day,night};;2022-12-02
si_24mrkge4QB5ok1qceIyQBeCjv2j;{day,night};;2022-07-07
si_24SJpm8PKavufoAzk9l5sZ7u02Z;{day,night};;2022-06-30
si_23v0fcbsKz0FQivlCgPVfWvm1OA;{day,night};;
si_24LTgNFi8JqqnntJPaaQ9QcGVjq;{day,night};;2023-01-13
si_23QDD1M1tK38yC5klETlOViNUP3;{day,night};;2022-07-08
si_21MXU8oTWkbeihOsQmHydmwNjV3;{day};;2022-08-28
si_21HpgKy9qp7ygvmM6ekMWqq9GTG;{day,night};;2022-09-02
si_21xHAXPMqc8u6hwqqF73Ft5bYaF;{day,night};;
si_1ZO2p81cke3G87K9xzFVv5a62bR;{day,night};;
si_1zlSzcSOM1bkz9e4Tk1fZcd38Zp;{day,night};;
si_1zMKy7iKv6acZ0GZB6ArRGe7Myp;{day,night};;2021-12-14
si_1ZuGQg3muW5gdyP22UkdLtOyG30;{day,night};2020-04-30;2020-06-30
si_23bONKdYco4R0Ry2YhfuIqKVqur;{day,night};;2023-01-12
si_263mq3c7xvvY3P05oGMsUBdQ4MG;{day};;2023-04-08
si_1zBmIs3JRXZDsbg7311TgTULb1J;{day,night};;2021-11-07
si_1yieQPDUS4Mrw3sbulREp2sZ6gV;{day,night};;2021-10-27
si_1ZdEp0PD7br8UX2aHc3VvP1N2Cu;{day,night};;
si_1Yb7Ztr7XPogcyDgUBpKxYFwsag;{day,night};;2021-02-03
si_1Y6zXAdD9H2YagS7ot5mlCVpuy4;{day,night};;2020-05-21
si_1yeVPzms1rRDDb907ZaOZsiuzjL;{day,night};2021-10-26;2021-11-26
si_1Y1uqKCiHBPFxqAErwo6Miigj8n;{day};;2020-03-19
si_1xG9RacoiJqWEEJBVsS3XVk9TK0;{day,night};;
si_1xB7IB5SawFfj0kFAhGqgDsivFo;{day,night};;2021-12-05
si_1WTH4ft2iYlCpxkihSslhOTJ0u2;{day};2020-03-16;2020-05-16
si_1WWz9HoQ3Y7BhIGc5No4GJ1bRrv;{day,night};;2021-01-17
si_1X8dn9yDMh8NxHgm4pVmhUAtvY7;{day,night};;2020-02-29
si_1zEgc5SG22qSpn7aQ5K8mA3lqFP;{day,night};;2022-06-08
si_1WQZE4cmg3plbfjow9J84mOeR1a;{day,night};;
si_1W9k5o9ZlpKRskv6HCtaiNvBkkM;{day,night};;2020-02-17
si_1W49om4107XtnS8C5q4Fxpvhxq1;{day,night};2020-02-07;2021-01-07
si_1vYD5nLtchNTDH6hs1BOB7syGak;{day};;
si_1VhaTJNeBaR1nLxU75xTmsd7ArG;{day,night};;
si_1WR3Mq5kE1SgX6dmj8ILYRU46dx;{day,night};;
si_1v9AuTrsF4edciE6qOHMu77MfZG;{day,night};;2022-12-20
si_1V3xMRbB5rE5iEQwXcTpKDrSqbh;{day,night};;2020-12-16
si_1v74HxMSHbkuLHvnyjYqWD8SWEy;{day};;
si_1uxmpEpsP9CtUVX2Pbmzaluul5G;{day,night};;
si_1UA6wIBRZzVViPLsR2YCyEPUPKN;{day,night};;2020-12-11
si_1U9DuEDCqP9iBkZNTjsARSvTDoY;{day,night};;2020-11-26
si_1uZytfFBkpyc65MtzliO1aI40sZ;{day,night};;2021-12-28
si_1wRG1PulLLa47F49ydtPyvZIZUN;"";;2022-02-22
si_1zEgYtlyYX8lW42O40tUDoS4cSt;{day};;2022-10-10
si_1U6MnOyEUxLU60m49BQrFrH5wKL;{day,night};;
si_1To5oCdcxdLGxyHHsU6FzwArBYt;{day};;2020-06-18
si_1U6ovRqUngAYJxpsYZ3dIRZSEoL;{day,night};;2022-12-11
si_1T9LajGmNxKTADHo2Sq8jbHTdW5;{day,night};;
si_1T8dussajwDaGGDT8q1vBpzgm8W;{day,night};;
si_1t2OGhd6rEEyl7nXKkF7P02IU5I;{night};;2022-05-25
si_1t6sx8OSiLooilbDjBxSqBaxQhV;{day,night};;2022-08-13
si_1SVjatYNNGeuSqID8OVj6nohML3;{day,night};;2019-11-21
si_1SsxRpPxfJ8Ddd4FafBSpg3eBEK;{day,night};;2020-10-29
si_1SvaT5HoWfKg2iiRuwtQ4UrjXd2;{day,night};;2020-02-29
si_1smf5JHC40a23qiHrTkz1mTsmmA;{day,night};;
si_1SKS91JCwz8gC7ffuDdd9xeq3V6;{day,night};2019-11-17;2020-06-17
si_1sk3T3LeRWjdclMIV90qJEXsaxa;{day,night};;2022-01-19
si_1s1L7IWWOKL2v8FJ1NZUDDs3H91;{day,night};;2022-06-14
si_1sng9FTadIxyqcEUrWsTou8kM0L;{day};2021-06-23;
si_1rZQPrZzUbjYxm6OuMs7iZLP5ON;{day,night};;2021-08-23
si_1RQXU8Swy5lWvDIagFeYXIsZoV9;{day,night};;
si_1RkUp8q9tqgonjFucl9drZU5vLY;{day,night};;
si_1QSGBty4fwwO4Z5Or7nAZCP3mHC;{day};;2021-01-15
si_23sxsQXi5H0E6OCbDwaxc0CUMms;{day};;
si_1QPqWvYwcn4Yyx3nFdP2igi9cKz;"";;2023-07-06
si_1Qp4WnKeIBaPOezdHKtLBBCa7I5;{day,night};;2022-02-04
si_1Qms5vzjnAMX1RrQ6J1ZLzAMf0d;{day,night};;
si_1q4uD8kYdhwpqW9yetpF1nOCfsF;{day,night};;2022-02-21
si_1QmZavniCharV6nqtQBDNFHORXv;{day,night};;
si_1ZdaEUy61zzYSWeaOpoF6ZcNpnH;{day,night};2020-04-25;
si_1ygdEcoGCkqA4kwieP6HgC0gSSz;{day,night};;2021-10-26
si_1YcEnXLQpc6nXbcM1JgieRINmPh;{day,night};;
si_1optNCSxO19qMZ3PdycSIzm9azH;{day};;2022-08-01
si_1nYm8H3PtHGWTHKnbUsqKHaNpk1;{day,night};2021-02-25;
si_1nWkn1LR8216YOGI78N1APwqKra;{day,night};;
si_1nZCHRPjCbKRSVvZ6fcCCioUPkW;{day,night};;
si_1lWd6WLlVozLmgypYPffTYMM7i1;{day,night};;
si_1wC0Ci0aq7gvcTUenyhwIb68nVf;{day,night};;
si_1l8iTIa1YEsIySfyMHKMCsxGLHl;{night,day};;
si_1VYlOJ6GxHfbO1oeViqft8yk4wX;{day,night};;2021-12-19
si_1ljNszisXHfpR9APmohtCZDewXr;{day,night};;
si_1isU2dI9iZWHzDtoyp0Ch55q3P7;{day};;2020-11-14
si_1ieFVIc6pcqnPVWgQIwRE29MqDn;{night,day};2021-03-16;
si_1iHDsZJkYrsIGT0HphHc8nWtSJU;{day};;2022-09-20
si_1lppnQ0IufGQaagcnKlWPjdMZ1k;{day,night};;
si_1hsPmBNK8DqAL4zpl4ag96RP3FR;{day};;2021-04-11
si_1hnOGYRSJqG7FhzXydkR2RoYFbb;{day,night};;2020-11-24
si_1hzR4cXmPPvv8NkFeG81BXqp2CO;"";;2021-01-25
si_1exySxsy3vYik7lRwWAn9tqydGY;{day,night};;
si_1T7lQA2m8kwQMWIXNkEZ0lxMDtE;{day};;2019-12-03
si_1eNkajVa2esLqNLyDS8GYR2XuET;{day,night};;2021-07-08
si_1eGxzQFA3DZBiQEdZEyahMizEkN;{day,night};;
si_1eSR5YOpnU43M2HcTzqW53RVbRw;;;
si_1i5xlcmcWwagCRWV02y8PYUeU3c;{day,night};;2021-03-27
si_1csx8NM6nGaKpCr37keshQAcMIl;{day,night};;2020-07-05
si_1bCEeALSrPoASNHlK6WHBWieU8i;{day,night};;2020-09-26
si_1b7lYxc5ulgzhqVzT2ioWOTAp2T;{day,night};;
si_1ayNVlKq9aqUq8shsS7X14Yosmm;{day,night};2020-05-24;2020-11-24
si_1aQujzRQLQno6ulNXgz9pTYDjAD;{day,night};;2020-08-12
si_1dEa6jVuV65mWE5f0NWoPlKpKGR;{night};;
Qg62OIVoZ4PvhEEDr;{day,night};;2020-08-30
mAJ93Advqu8WvuHCA;{day};;
QKcUwhB6mtlL3QTjp;{day,night};;
hCNKSit64eibkpK3g;{night};;2022-09-09
HSRNCZoqnruknoRBZ;{day,night};;
CjS4K6mWPEA7HAIPZ;{day,night};;
e8NO13eHiOxN4OIUW;{day,night};;2022-12-11
si_1aCn1BLR6XX353BZTeccksUu8SU;{day,night};;
si_1lvAwBFGcUeGuZglKE2spZZWw3v;{day};;2021-09-24
si_1diNEXQVVf7cjsj3PGOYFYn3yyp;{day,night};;
si_1eDigWjOEKeVoWwX6tj5Sz0mChP;{day,night};;2021-07-04
si_1c6NwtYz7fyV1Snq91ctdtc6Abo;{day,night};2020-08-20;2021-01-20
si_1j3sjMF2JHvtuQ5lmRHLBnPd5Fk;{day,night};;2021-10-18
si_1bX2lJwYwa1K2rQzwegcaarIoco;{day,night};;
si_1mqT682DKNWxP2XGWgwfhozlbrQ;{day,night};;2021-05-28
si_1n4llntoDn2Kjg01Ry4tlmuUxDP;{day};;
si_1mZGTUZFDmx2YJR7tzit4jWZUtm;{day,night};2021-04-23;
si_1poOlIX9pPXouKZXC8mbem0136n;{day,night};;2022-03-15
si_1ppkCpI44vWQpICtLcwKvlbzQ8G;{day,night};;
si_1kDLARdEjQyRkQEMMJ3uad7GAOj;{day,night};;
si_1bRnAwaDJWwXJB0uDsM8VCxTKrr;{day};;
si_1ri5oJvKZxwbBZg75f0nEvajlXl;{day,night};;
si_1sD8nhjN6EvL6thwfQzwnIPm4Yf;{day,night};;2021-06-07
si_1Tkmo90Eft0rQXiBIdefQPtErGd;{night,day};;2020-09-30
si_1Tcx1wv29K83BnbKhZgaWURZ3I5;{day,night};2020-02-14;2020-07-14
si_1TWGvHKKDmOYtgV8RoRzm8HMHsV;{day};;
si_1UrjxA38MFjGgWySlQhBc4E2aAF;{day,night};;
si_1upH6A25k1QrjAuhZoNDlNwusyN;{day,night};2022-09-05;2022-10-05
si_1TUE49Q5ON3ktrAD18G9O84hQz1;{day,night};;2020-07-11
si_1bl1CATARWIXWCRi1ABgPc6Edx7;{day,night};;
si_1VrDxKOCKQABWdEtHBozt5obzH1;{day,night};;2021-01-02
si_1wD4ULEl5uQy4nE09tDTouS3FUL;{day};;2022-06-03
si_1WhqNaY5vqAWdmRY3VVZfAzDNZt;{day,night};;2022-08-09
si_1XhBjuMnBEP3DwaIavhsI5d98hU;{day,night};;2021-11-26
si_1WOXikLybfDheKTgdWVAOY1bRaJ;{day};;2020-03-20
si_1wFjI4mB3m9a7EdN3shmSunumIV;"";;2021-10-04
si_1yJ0yhrPKx5Z1SqgEZeH2SNxV3R;{day};;
si_1ysD8n5pCX6B6LddwtAlIGIFGfE;{day};;2021-10-30
si_1XjVQyyZJmFL65wXgdaIvJhiPdG;{night};;
si_1YZkG8VbLGIFsVga7wBDOQYRflV;{day,night};;
si_20EiiMudo7R0xRi53VV0XEnlzU9;{day,night};;2022-07-21
si_1XHz81d7jAyKMr5OZ9nvci3NiKw;{day,night};;
si_24c7Lea0uQXGcjpXuVVrNqt05Xp;{day,night};;2022-07-03
si_24fdhJd6u95wAJri3UNUMsaI9Go;{day,night};;
si_22mk8DKWNV1TUtOD9fPyrRllAIx;{day,night};;
si_26kItTWAkyUDchwKjafnZbXakCK;{day,night};;2022-08-22
si_28IVcnsOVjsfwhlTqYFX5jtvDAk;{day,night};;
si_28TfAaqX0eWQCUsWbUjvenbFsv1;{day,night};;2022-05-29
si_27edd1ePykQUMu8FPjnL2j5x44Q;{day,night};;
si_2AIExeSluH8vm1MUopvhTuQ8cWb;"";;2022-07-14
si_2ADKTQ4KGOKVlYTmPy0f5es7qqP;{day};;2022-09-06
si_29vcmn2nVxzteR7qbIy9fQa365J;{day,night};;2022-08-31
si_22bc24F9LwQJSylt5muaVNNBwpb;{day,night};;2022-01-21
si_1Uusr1HHirhE7ve4CJZE8SeH5wc;{day,night};;
si_1bhmGrJaIH9wy08c1qbI9c5hhxV;{day,night};;
si_22ayHJAtJSh14bx3ACkHySGjxOn;{day,night};2022-07-18;2022-09-18
si_1c4wNLSLeT1BcI4EEbpuJOVdtGe;{day,night};;2020-09-18
si_1bHlUQQXNSNwFx2QFhUEGxMqELs;{night,day};;2021-01-01
si_1bPpMtHpLFoBexUrjQof88StaI4;{day,night};;
si_1dH5lbFmOLOenlbBpWodBzqPWsR;{day,night};2020-07-13;2020-12-13
si_1diUEMuNKdq6svK8YTCTy3jTL0Z;{day,night};;2020-07-23
si_1dj7RdojUyQx2ABTQLQzPFSgfeF;{day};;
si_1mZGZ3QDLCr49tHBDmWZyRscTjK;{day,night};;2021-11-07
si_1p0s2az8rodqRrDWhn1PhIr5z0u;{day,night};;2021-12-26
si_1tlfmWm82L5RU71mwtpme4dhyxc;{night};;
GTJ9g8FwS678PPo43;{day,night};;
si_1UUX6UzUqJ67WDpDQ7l14zVxsut;{day,night};;
si_1TVt2R3bueXum5dtmhLQygqfVHf;{day,night};;2020-11-12
si_1XhbLUylOgC9dMs3huZjEyyExyZ;{day};;
si_1YJvAxtivvzrgzFJL3siKzWlQ0c;{day,night};;2020-12-26
si_1YyL06ZYYkJ1R9mDHY8sdzIvSBz;{day,night};;2020-08-03
si_20DsgHWBV9UseRBhiwmhmxnMaUK;{day,night};;2021-11-30
si_226c8RigxcBnn2KeGwlYkswTc5u;{day,night};;
si_20d3KuBnprjr93LGIXDIjU9Xo3s;{day,night};2021-12-08;2022-12-08
si_1YxVLIpTFbpji37SQ3UFGriaDIH;{day,night};;
si_23YukvssiCq5yFKq9zNjYxI8KUl;{day,night};;2022-02-11
si_1c5Bn9fsar81VxCpJZuWgFN8O0A;{day,night};;
si_24FBB5rOl2wuNYQcb9b0vuaTSRm;{day,night};;2022-12-03
si_25i2WnS6KrmqwZQZAIyFBVhFX9N;"";;2023-02-27
si_254URyAP0fHFJCQggo2GMHjr6y3;{day,night};;2022-08-13
si_24Dyubnsbb1ujJ6XuF3jtj5oX5u;{day,night};;
si_28E7B2OpFBDc5ZNBGH0eWXVScQg;{day,night};;2022-07-25
si_2AF7bvBwU4OiaDvPvw0DqGKSAR2;{day,night};;
1bVUGy6kDmGGgpSi0;{day,night};;2022-09-28
0CcpmIjvpI2iabNq8;{day,night};;
WMtT5N0NGg74XcITF;{night};2020-10-06;2021-06-06
SpqtJWNYoNzaiZFJP;"";;2021-01-13
si_2CZkMBgWKceu9yLxyW95WUQGpsw;{day};;2022-09-28
GmDimvSNnz7WyTTBN;"";;
si_2AiMd5Bv1Mrrk3ZU5cFDzthxPnf;{day};2022-07-17;2023-07-17
si_29vml1X8AkVI9XKJHpbyGG20Yqo;{day,night};;2022-06-30
si_2AIsaM3ZZ2rAw3WKY21AWKeoQUq;{day,night};;2023-01-08
si_27gbUraz0xwPC3MdV6mG9vTprkK;{day,night};;2023-04-12
si_26vkb0FdIHWlxXGy8aILNxYRk1b;{day,night};;
si_270tv6oK0JYH0sWHWwvm4xpiGHk;{day,night};;
si_2BJAius0cO246xSCw1Ihm5wMI3U;{day};;2022-08-29
si_25n7P7Nwt1cPLgl5cyfNUsuQGwO;{day,night};;
si_257WZzXFtvMlZn3y5OaZx0DaDCu;{day,night};;2023-02-14
si_25kq2T200DgEwI3Vw3cc1cleySZ;{day,night};2022-05-20;2022-07-06
si_24Yzn1QJnsoBVInyhqwN3F2ROM5;{day};;
si_22XmWeGaXEJgv2PNq4OVGfm3fO4;{day,night};2022-01-20;2022-12-20
si_2361nEzbeEbAQFacivnB0Ln1l0s;{day,night};;
si_254qLtYPahJ1wkdMn3AWBDcXgzJ;{day};;
si_26QZVQD7Nul5Sbee52ApKt6ncjO;{day,night};;2022-06-19
si_22Hc9JVjKEDM6bdpFS4jhxiVMyk;{day,night};;2022-12-14
si_20QHNa87bA0Jb5YqkAd9GDJAqCO;{day};;2022-02-03
si_22Saee7gCMWPsbE1zpSk115iSAn;{day,night};;
si_204S6cp3UzQdZlCOtuP4rK9Widt;{day};2021-11-27;2022-02-27
si_20F2lMfHdG0gjGG8epUPmENgSI3;{day,night};;2022-09-30
si_20JPdLGMFLRzfUMVCJk7QEPKdaY;{day};;2022-10-09
si_1Z1C4DW1QQnFd0EgALyWIVDV7tK;{day,night};;2021-03-12
si_1yr8PtpGldX7nDJtfLntpJMKgKP;{day,night};;
si_1YqX4BzFgN0ftnXO7QUZoCTVRMf;"";2020-09-16;2021-09-16
si_1yJwOwjjg8K6xkN8IW4ElX8zIax;{night,day};;2022-09-23
si_1XriLRi8uXok4WHTqN3QzRMbVQr;{night,day};;2021-12-16
si_1xpRnA5J6IGt9ZpALqYS2Mb1TmK;{day,night};;2022-05-15
si_1XUDetGOTqKN6hXAyBqE1eiD7rH;{day,night};;2023-07-13
si_1Z2Yr15fCurou3rHOU6GfkWZmR3;{day,night};;
si_2BlCA5Qu1eGBVywk9TFioZvP6uV;{day};;2023-07-17
si_1XL4Im1ICG54kPgOn66z8LpuyvE;{day,night};;2020-12-04
si_1XhS8ChrTNL68E5XXnAAMuId2EJ;{day,night};;2020-12-12
si_1Xl9yqlfJnvScINcHeK5MBLnqUg;{day};;2020-06-13
si_1XgF4nYnqdSWJ9kqfwtexn8eE2o;{day,night};;2020-07-11
si_1WGUKW7ACQ0q6vt9hvY8eZOGCRQ;{day,night};;
si_1xGirtkHMPhDnwAwXvs5UhCyFMf;{day};;2021-11-26
si_1xlCwPWGpLcYyCSNO1XWusWt0CJ;{day};2021-10-06;2022-08-06
si_1VuHW1CsfSMQQUwDKWkRMUwxLhe;{day,night};2020-07-19;2020-09-19
si_1VROxW2CzTqren0FAqqc3itePTI;{day,night};;
si_1VrOLzUpOCRM7ZTmWSgjdQOpWVe;{day,night};;2020-04-04
si_1vRJAxmKkH8Zzm56SJAl4rzAfUx;{day,night};2021-08-17;2021-09-17
si_1VPzarh08ZOgIkw9KBsjsvjiv5I;{day,night};2020-03-24;2020-09-24
si_1VpRNr7jlJbYJ96kNB510cgvgG8;{day,night};;2022-05-02
si_1VLz23r0smVa1tvm5r71aX94mKf;{day,night};;
si_1VkRQqT2n86jy0GqFZISRTQwjXY;{day};;2020-09-30
si_1UTSec4haaI1mkVidIO8g6CKAaK;{day,night};;2021-12-15
si_1vlIgdXbrUr7MV8qGKD2q9KNIhs;{day,night};;2022-06-10
si_1uSEB7mPYhOTcKrpwRjq89KXbUs;{day,night};;2022-06-25
si_1tyQQTUaNVUtlEk1kIhkdhpymVD;{night,day};;2022-12-18
si_1UkyeyTMOhw6hCsyRR10nMhHoAK;{day,night};;2022-01-26
si_1TvN59BflhwMXneYSSPaHEjfGID;{day,night};;2020-03-21
si_1TlA2cWWVcDvvxnuWWwnnaJ1HoV;{day,night};;2019-12-17
si_1tTF4HWqulpWg62tuVeGvvXliMZ;{day,night};;2021-09-04
si_1TkqrlNseKjVswnIv638qIXodd8;{day,night};;2020-10-21
si_1tIRkqCexB1ekvbVLSHwsAFrVYE;{day,night};;2022-09-06
si_1TFK8SKdD4GUbm0QD7brKfGWp5t;{day,night};;
si_1TFgCgoEwfxEsSWUHSvE36aiXoU;{day,night};;2020-05-06
si_1TKZLMYfK8ungg7YorPZdhAvreV;{day,night};;2022-09-04
si_1vLjqipYW7pjMeBg9zFQjdQgMAa;{day,night};;
si_1TcKhXgDRHTR1POfIFFLWUKhSQO;{day,night};;
si_1TBq41mdAm7u90zCSdOHDnIJcjP;{day,night};;2020-11-05
si_1SdjAXlFzNBgleiinaJjcjJaIL5;{day};;2019-11-24
si_1SbTbXGn0gdS9I48lKSIXQAq6z4;{day,night};;
si_1SB4heWwvZo73IN5z3bX3D1TvT7;{day,night};;
si_1sdgz8xOw28K2IzY3uIgc9hvGIX;{day};;2021-06-17
si_1S6UcboDyjZa3hbS3fl0C8t859R;{day,night};;
si_1riaJMfJCCZNPnLkeMRUe1SEAu9;{day,night};;2022-06-06
si_1RHGRUGES2VmhrTiNoaXQTGZlSH;{day,night};;2020-09-24
si_25IqVZLKAgW4ITbhbWzRHSN4zgC;{day,night};;2022-09-18
si_254U3T5i0NrsLs3EaYFNem1BQsn;{day,night};;
si_1RCMkYgO9SfgKoOOgrLdvxmKZAu;{day,night};2019-10-22;2019-11-22
si_244dWdDNbiHY0WHsVL5iBoUzURH;{day,night};;2022-02-23
si_1rCbQeUROWjeWbofjpa6Hr4upDi;{day,night};;
si_1Quy7AK1ib8JEcJiK1tlwNmNjAR;{night,day};;
si_1qfmRd1Prubr29crHFKBxfteI7F;{day};2022-06-25;2022-09-25
si_1piTJkQW4Uvxw8QBBKAEU0GQ8F1;{day,night};;2021-04-13
si_1oyZSWQtRpILPcJoLRSTG3f5szw;{day,night};;2022-05-12
si_1pFgxTqG4dQWNBRcNqGM6WGUERt;{day,night};;
si_1pSyhpl7j9xgjXBPHcMhv0paY99;{day,night};;2022-04-01
si_1XRWfNTZ2NPYHrHsyrlXfRoLF4D;{day,night};2020-04-06;2020-12-06
si_1nesPinzrEDRBBwEYUEHuHmIeoI;{day,night};;2021-09-21
si_1xGuTATDr1cUKSYbZH377FkFlWg;{night};;2022-08-26
si_1WNG6WGhHsX96V262WLMfYDSDgg;{day};;2020-05-14
si_1WIJIlOxLCeneIr1SC3FJH9H8C0;{day,night};;
si_1na5m7ClFjC8V0fQBTLuuXHkY2N;{night};;2022-06-17
si_1o4k6UJJ1OjEAfbNw6y4GebH3Ud;{day,night};;
si_1mOlyPiH6NvQiO6xaq4jtqAw6BU;{day,night};;2022-06-26
si_1mJ9lTy2PXpYQ61XlqR25hWYV2R;{day,night};;2021-01-29
si_1mkfSkF9gqgyFpIyVpFX7RN5LWB;{day,night};;
si_1mKSXEGUuBn2p2c2Lrvh2DTjcMB;{night};;2021-07-29
si_1mXLLAPLmygPJzU17YPfZtKoRgm;{day,night};2021-02-03;2021-12-03
si_1jR58iWQ6Qu3fPywy1DED8iLk47;{day,night};;2021-09-26
si_1TspS7UXLLrCG3cEYHEAvmgMJIu;{day};;2020-03-20
si_1jCFOcoNZ9jGOqhxIV030NgQpOc;{night};;
si_1jdjojiR55NAVpeIjEYkZQILJ5S;{day,night};;2020-11-30
si_1j5iqvTjqTbQ6RKqIvI5iBmlxIH;{day,night};;2022-12-16
si_1gC8xvWyPCoebTTw420nyeOevHx;{day};;2020-12-16
si_1gsu8bGrrH2iE1D5EnQ3aRo5pMr;{day,night};;
si_1j5waHPFbK4PcRZLW25gNNI5Fft;{day};;2021-04-19
si_1e8KrM4SLLWdZ9D2RolVUMFRvL8;{day,night};;2020-09-02
si_1dW9JYO8kc9Y1lkVKBaHPzG9goh;{day,night};;2020-08-05
si_1ds8NyBK7rdxmjKo9gEOOL2SAP9;{day,night};;
si_1dQDTZqSUyEo4yFmSZqhAigtVV0;{day,night};;
si_1bUCLjqMWDYD0Q1vpgFkihxrfsJ;{day,night};;
si_1cbCpQcSdOIcnubuwGvORMxkyX4;{day,night};;2021-05-29
si_1dqTHmMtSzd0uR9m3LrQYIH12pt;{day,night};;2020-08-26
si_1m98pWMky42mhztLRidFwK4bwk8;{day,night};;2021-12-25
si_1p6qZDJO2rRxbQv9a1Dlpsc7XZr;{night};;
si_1bpA4auoE67VuQ4jXLd8mh5e2Pt;{day,night};;2022-09-16
si_1a1iRF9sd2XB091lAeH0Aw0BfY3;{night};;
si_1a4TImEP0GlDSk76qQMVhv3x47U;"";2020-06-05;2021-06-05
si_1mOG0MWoPhAORZPn3i5HpqmW6vh;{day,night};;2021-01-30
oGwYwed11yNuTqbGv;{day};;2022-08-26
o3LFTmegW1GLOvx8d;{day,night};;2020-03-13
SffHTDiIObNteY8H5;{day,night};;
kuRHa3Nt2dVwppIdD;{night,day};2021-06-09;2021-07-09
CWFbkMHihpnfp7iTg;{day,night};;2022-08-04
aO5iP4hjqZukhI9or;"";;2022-08-19
9wWD9rg55yhey1r7R;{day,night};;2020-08-04
si_1dJuV3VhT4AHxVm7GtNO6WmFtFP;{day,night};;2021-03-14
9gnd9cu74gS7q8Rr4;{night,day};;2021-12-03
4NkGcQ3KWechNPvdx;{day,night};;
4fLtqciwuPCwHYNkg;{day};2020-04-16;2020-11-16
2perN9m3YugGLi3Nh;{night};;
2mBxqGt2oNBXmJMGy;{day,night};;2022-01-31
4DTvz4AsQFDYuF5BZ;{day};2020-03-10;
JGnYrGukuHWLvo9NB;{day};;2021-03-05
cpvrnzgnndPNesbPH;{day};;
kZym1TVUTZ5h7GBy5;{day,night};;
si_1mcyCZ2DPZAIVIHqL5W5U2BGcUb;{day,night};;
si_1TfDW6fwpeTBLyEHe8VRpUtP0UV;{day,night};;2019-12-15
P445h56dXPx91SVjD;{day,night};;
kdNzjkphZbzucLpnt;{day};;2022-10-10
CXHB3CSMcxKKPtxj3;{day};2022-06-12;2022-09-12
PEJgWZ2JSX2aMVc2u;{day,night};;
si_1aA7Rp89Y8uBIrb3MUDsktT3JCP;{day,night};2020-07-24;
si_1bOXPSFh0zzNpdCi3vhc5GgTsG2;{day,night};;
si_1bpZXhdORZiSNaauy48oFcQtx3X;{day,night};;2020-06-13
si_1crbpB1U3dyoFLUP59hNuaKHlt4;{day,night};;2020-08-04
si_1emUPMIr4FvhCQ80MKG7vIPK9Wl;{day,night};;
si_1jSASpLomXKEYUIK6xG3Fl879eu;{day};2021-07-22;2021-10-22
si_1jVVe7t4m0yfmtBoHjpTcm1Cq7V;{day};;2022-06-15
si_1kk5RpgE9nxnycUpOTb1GUk471M;{day,night};;
si_1l48YMcTXIceXUjBlHdN6mOPulJ;{day,night};;2021-09-30
si_1mi8ne17t7hQPCeYFoBPwcnhnO3;{day,night};;2021-09-07
si_1Sg56wcWoSr1bPH58Jj9IgzxLUD;{day,night};;2020-08-25
si_1SGDZ65v8X0Drog3FaWtLEiYykO;{day,night};;
si_1SvcudZNCz9y4rEc6dR5jJFZJC1;{day,night};;2022-01-12
si_1tsHrHvNCSqSyPnKvBN6Im3MePN;{day,night};;2023-07-04
si_1Tt19HlIpLm2q0uXCAxJE02tGty;{day,night};;2019-12-20
si_1TyX1qVLrEXMPuSV0Gza3ozdphp;{day,night};;2020-11-23
si_1TyDgwkEUPbeEXiZ60tgy6eWCVK;{day,night};;
si_1V7vrosihBabZxcyECybfu9wHKJ;{day};;2020-03-17
si_1V6jsz5CFLfapavG5Z5MjVSVXG1;{day,night};;2020-01-17
si_1XevyJ4Ju6D2g2aSOsfMa5okqIa;{day,night};;2020-09-11
si_1y1MSYkQ5533qJE0c65MAWDnlW3;{day,night};;2021-11-29
si_1Y261ITmBoq3VVXM6VtemetSW1Q;{night,day};;2020-06-19
si_1z0b9mD2b2rwX7KDdBjmr6OkIyh;{day,night};;2022-09-05
si_1xo5TkfSCoeKA2TxAtXPYgsSgFL;"";;2022-06-07
si_20U4U4mofOILDyRtOukmL4fDTtf;{day,night};;
si_21BjTOM3ha9W5gGnBAxXOTHYge2;{day,night};;2023-01-31
si_20yD7iKtUtOrvPXc6IyoidR71EP;{day};2022-04-27;
si_21MInHOm2iheyWmwkKl3pFvdQSO;{day,night};;2022-09-20
si_23T4q54VGjd6J5h1rgwrzMTllU0;{day,night};;2023-04-24
si_23NJPYWDlORVJyLIMdUe2LQXax2;{day};;
si_24kIxkbcWLgxBkfW6p195VZnaQy;{day,night};;2023-03-14
si_24X8diCAV80HkI3OEotPJ20d7OS;{day};;2022-07-02
si_26mLa1xMYAYC3QBEyJXfAzfOmBX;{day,night};;2022-04-23
si_26SqOlwruJngnfg7407fKpcb6dZ;{day,night};;2022-04-16
si_27sESxGw6XRfRJGoihshGRczG7m;{day,night};;2022-09-16
si_26AFFb7RE98aBIfgYZGccRH603t;{day,night};;2022-04-09
si_28Hmc84HljB8NIUOe8CHNkz1o6M;{night};;2022-10-25
si_28klYG6B53vJJSP2Hoarwufk4iD;{day,night};;2023-05-05
si_29wJSoE2jvUCTGRTD2J5qILlaLg;{day,night};;2022-11-30
si_29vwWhfmgfjDxpgoKe6EjQTWphB;{day,night};;
si_2CIeU7VlUcMO8ez74f8t7qeDUm5;{day,night};;2023-07-22
SS2V6acR9UNAFK0px;{day,night};;
XFBCllntxypnOMW0f;{day};;2023-06-26
uZoaRSXEZ4fWwYpwx;{day,night};;2022-08-20
WdgF70XMFFNQcLVHb;{day,night};;
SP28B0GaXYV66WDAl;{day,night};2019-09-19;
si_2CXQnBDrvceynTsDp0VgsajyWcu;{day,night};;
si_2CldRMPuX7MI8Ii8ajQX7E9AOoz;{day,night};;2023-08-01
si_2Byc176h3gqe1f40XsGSKd85R48;{day};2022-08-15;2022-10-15
si_2CUt7fA5eJx7WtE85ObmlF016q7;{day,night};;2023-07-29
4ZwY45nQpQn78LwYd;{day};;2020-07-07
si_29W31m9blIZpa1MkUNqZ6VO77Mk;{day,night};;2022-09-27
si_29n9RctUapyoUlEKyJv7jJH2AkQ;{day,night};;2022-12-28
si_2AlKaymjU6tuktetaGFOekSeNuR;"";2022-07-18;2022-09-18
si_28vprKIX6OgDdAnPNecFqpMWFX2;{day};;2023-04-09
si_28h3b086HrkegC23wlez6g9AsC7;{day,night};;2022-09-04
si_28WgPGVXuPZq8iLK7wekr54um9Q;{day};;
si_2AMj87wbVCYNh0XP5LPlGxsSfir;{day,night};;2022-07-12
si_27TAnGOgGTBCNosjDIo1OP4qN14;{day,night};;2023-01-07
si_27AFd40kphAexH9SxFgE26I3Ktm;{day,night};;2022-09-30
si_26Z98YCetSluxwnxW3S35haWmd8;{day,night};;
si_26vRAqwS2GZCNneeVY9PHunjndZ;{day,night};;2022-04-26
si_25pjAdsSPSDbYAzyeQ0gNZwmhIJ;{day,night};;
si_25TLmfFFAx2trbRReoAQ790jsYn;{day,night};;
si_26w99Az3AH3sYw2LxQK7IG5auz5;{day,night};;2022-04-26
si_2AwSwCvWDIMJ8EEdNuKWeReErLW;{day};;2022-07-22
si_25CWwkrKARbabRVgVm0GmjCWeso;{day};2022-07-16;2022-09-16
si_25CIhVH0T7ndEJnLljCr5zv4lk3;{day,night};;
si_25npB2SpEdw58EkVImYAMjGeD9P;{day,night};;2023-03-01
si_24R9eY5sr2CyscdUsFxT4RKfLwT;{day,night};;
si_24jlHKzjWYyx765T51FWmMg7O7u;{day,night};;
si_24HSnR5oqoxwPDZXD68xkIEr4sz;{day,night};;
si_25nRMHNL0By9FEhWxgOS5SFkDaa;"";;2022-11-01
si_24CRajh3xrN9k2RbA5HjcrnxWmg;{day,night};;2023-02-04
si_23nCbfS0lhpXZVFq9lMCNswtZP0;{day};;
si_24fWE5LXAy4YoDA6h8sFqsgRnXh;{day,night};;2023-05-29
si_23HTXNV3RET0aVvlgosjnfy6oM7;{day,night};;
si_23bXg9KYbzL2sOdabucHkTeAocq;{night};;
si_23cIDuPLLpFrYIOFKXJHd1wLRSI;{day,night};;2022-07-12
si_22Z06Z2Fj4b4d4uRA3SfHbE1Mip;{day,night};;
si_22j3m56XFr0PEvoDx1NnJAFiS16;{day};;
si_2202MrrMklalmQ9YE0IPfy9gh7C;{day,night};;
si_22hka7encMSbleyFkm7l49PU9Ck;{day,night};;
si_21Mp6Y7VxRVDrOWg37YNAWOKX9u;{day,night};;
si_21K0clXzkOuXBZHlBAxb6FbTQtE;{night,day};;
si_21SwOXIK87gpEalkp2NCYpTyzRR;{day,night};2022-01-26;
si_22sHOW5Kkos67wQsTJvc9hWF1uQ;{day,night};2022-01-27;2022-02-27
si_210uxXFgiTU26iTGGelF2qrIADf;{day,night};;
si_20gxYRr8Ec37GaUopchNLkhxeyi;{day};;
si_213AA1KQ6XjXcA2Nr7TzCEQ9MPm;{day,night};;
si_1zXeF1i9a8gsv6i1sOBBlOVPLOB;{night,day};;2022-11-16
si_1ZggTJNjiDbUezz2PYzJL92eWFD;{day,night};;
si_1zoX9GMDRyICvl2J5NdKoRTvbAw;{day,night};;
si_213Vj5iX8eMvlBrZqynaxqkQmPj;{day,night};;2022-09-30
si_22t4boo6oBumq0H9Hh9NAv1FkU1;"";;2022-02-27
si_1z43o4G9MIjMLvmb0l9BABGTaEL;{day,night};;2022-04-05
si_1z2RGVOoQm2IvaGXJAvfyR4GBzU;{day,night};;
si_1zEB1Ufdvjf6KSS99nIEkBT8FCI;{day,night};;2021-12-08
si_1ys6RXaAhcsWOCcvhPX6GVrY2Ar;{day,night};;2022-03-30
si_1YRqhXlnwKW5GDY9DKarMXFWM02;{day,night};;2020-09-28
si_1YyqScgue9VYYlfptxWV0LxbapG;{day,night};;2022-10-20
si_1YInyVNCeDWrcCVe2MAtaTvBeeV;{day,night};;2021-01-26
si_1YdFNULtVtTvu6ebskusM3XR49d;{day,night};;
si_1YiXMefx7XhD1Ak32q4WQn8DxQf;"";;2022-06-20
si_1y0tz1oERn5FikUMDHnpJIyVMoH;{night};;2022-04-25
si_1XWdFA1Nd0fqueZvyA3PzNO8vZy;{day,night};;
si_1XqJiDyQVfwxp4rvvRK9719r4go;{day,night};;
si_1XyXczNGeCLs6diwrQmhmhQjylR;{day};;2020-07-18
si_1Ya3y06qll8fn9EBhy0Fq5ze2lw;{day,night};2020-04-02;2020-09-02
si_1ZetweAL1FByKfiq3LUwtiSL2aB;{day};;2023-04-05
si_1ZBMt8KlSz6kKq8M4E2a1Ug4RmI;{day,night};;
si_1Xnh6UpzLlaIDjx58OM38t3ZmMi;{day,night};;2020-05-14
si_1XdXs1IYaXfVEVWxCgwG5LavrCv;{day,night};;
si_1XfuAZ8NhrDoMvamOqHcvmYnVrJ;{day,night};;
si_1x67cjRfcqhwjDZ01lVLDaUVBiG;{day,night};;2021-09-22
si_1x638PqwNBQiIPASyU5bsAJge3a;{day};;2022-07-22
si_1WOESYd2eVR9tCs0fD7wfk9JFmp;{day,night};;2020-06-14
si_1W97CZNo9o2F9i9SVxkRdZPAzQw;{day,night};;2020-06-09
si_1uVbEBSMwj1l4cT7Wf9CNUN4ama;{day};;2022-06-27
si_1UQzA26dUKDrOR5X2XXVezyJXPy;{day,night};;2020-08-02
si_1VEyxX5Q65MaB7rUAODSGkfvun4;{day,night};;2020-02-08
si_1XOPAdLtBOmNuqnHDqZ2oJjvZgY;{day,night};;
si_1UKVK6R38KQJakDCQh1UOs1F87R;{day,night};;
si_1UG8JtEpY1SxSYNv5URMF5IzYvh;{day};;2019-12-28
si_1UGKE1obir7yKHzDk9aSTuvdbPs;{day};;
si_1uFq8bhSen3udVl2dUNkkTqRFn6;{day};;2022-05-21
si_1UbsoHd8UjYcf1Sie8tTU5kp6cY;{day};;2020-12-06
si_1UQfp9zlhh7whzXrTXcCmevqeen;{day};;
si_1TykoDeZisM0BmCHoP1FnxrAA8H;{day};2019-12-22;2020-12-22
si_1TwJ4Sdv2l2n7d4iUVktI092Oal;{day,night};2019-12-21;2020-05-21
si_1tVLe3lOCbjYE9fCqLUMyesqhF2;{day,night};2021-09-01;2022-09-01
si_1ttycRwhmvPU9ej9MCNFE1X4zNI;{day,night};;
si_1TrQZBbskGFXRZIQrjGaPEUIi5E;{day,night};;2020-11-21
si_1tuUiB45LRW5tDOKseixdfXIvRO;{day};;2021-08-13
si_1t4cqNrptpAqGYV62NRMigWp0ZD;{day};;2021-09-28
si_1t1qKaBSR59kDRtE4RBq6OIxBya;{day,night};;
si_1t7NNt1m9dsC4LHl3cVgT3nksoc;{day,night};;2021-09-27
si_1TROz5j3zAunrirPloNBz7geXVP;{day};;
si_1twvnFhRruwjZgeVzOqmM7KUg6y;{day,night};;2021-09-23
si_1TytnCZihvzNFebKEQTGGvUHrrH;{day,night};;
si_1tV4ICGNHpFJKgbMi9BvR3eifAZ;{day,night};2021-07-04;2022-02-04
si_1Ubn5vLkKRSfmbC1eyXqpIYqi19;{day,night};;
si_1UEqy6tMQjpzTzQPeu5mRJJX0mG;{day,night};;
si_1SwBcxuEpwlfFthqDysRN2e4Qk5;{day,night};;
si_1SvUOLt0usDF7asqZnLvcWMo75c;{day,night};;2019-11-30
si_1uHJqj8nDe6oz1GN5aKRjBuLHUE;{day,night};;2022-07-11
si_1UiBMxaqio0xr25ZhdFO0Y8c8nr;{day,night};;
si_1uolSs6EQBWeCI08snqKFKzs91S;{day,night};;2022-01-03
si_1SYPQ6WLI4xruIG9ZpjF56cTVTx;{night};;2020-01-22
si_1Sps474SM3by26QHin249GJBKJF;{day,night};2019-11-28;2020-05-28
si_1SIFhFBA0afrWRJ3nzTKqRfS8oC;{night,day};;
si_1VAkzg9iDNA0BF6cz1IZiqeaH0w;{day,night};;
si_1SJwpIZsRB0PhkaIe6VQDXg2s5L;{day,night};;2020-12-05
si_1sUpI48ff6OAdB2Jb90ati3reTS;{day,night};;2021-06-13
si_1SgelMjsvLwYGZwUawi3y2yPjXu;{day,night};;
si_1WKsa2mhLMAkl8D8bTdICGWdUzo;{day,night};;2020-09-13
si_1SHvC6JHjDmWqzbPHmcecLLYtx3;{day,night};;2020-02-16
si_1S1gai8xUiQlZ38iTUMjIMVI6sM;{day,night};;2020-03-10
si_1RZCzHYMRfg32UiuwR8RM7LrZX3;{night};;
si_1rS7zOCxqyxBkgV1QBJ9HdELYWb;{day,night};;
si_1XDW0LWg6tgeaxFS690WerxyGcN;{day,night};;2023-06-01
si_1XFsLX0QQESKLH6mugMJpg5Mxoh;{day,night};;2020-12-02
si_1xjLmRGrX7vDelReoCJyGP96dRi;{day,night};;
si_1XNye8Jf4ZHy6v0MFpz1fSw45P3;{day,night};;2020-05-05
si_1rOWDCuK0Bo8j4hEWQrq9LM2ZBu;{day,night};;
si_1rkbptVRp8Q7ykY0tADzDbl6Yyl;{day,night};;2021-07-27
si_1rPCRbN5uqE6Nwogpjfw5YZpu5M;{day,night};2021-08-13;2021-12-13
si_1y5o86YZPnL0OqNohvtXFSH3OnV;{day};;2023-04-21
si_1r23dr33miUmzjxlG0u7UVNFAou;{day};;
si_1yGdwbceoHGOmrqBnxneZKmkg35;"";;2022-06-26
si_1yHJXyevBpCdPVcXyMQxDuDU0jS;{day,night};;
si_1qXjEKRwIN98Rb4b9uSYK2dgfjT;{day};;2021-09-01
si_1R3IUq6b90yOKDQTqTXNBkhVwo8;{day};2019-11-20;
si_1QNggoPupRSNcDlMsMeEwSDw0Ju;{day,night};;
si_1qnSL7DkpOrnVSCwUPeUEj3ITVp;{day,night};;
si_1qmvyP8lLoOhuS4gNvJAxpuKyUB;{day,night};;
si_1YyT9nht99rNnDYSpeB1LeZHFYq;{day,night};;2021-03-11
si_1Z1Z3i9ImJ3QNmDXLJgMkD3Bx09;{day,night};;2021-03-12
si_1r7K1JdaiQfUu8ourXHLYr2SHxo;{day,night};;
si_1zB00GeX6qPbsyNDoNGNQgqaOrp;{day,night};;2022-02-07
si_1qchuWRVVEyryaeN6g5Qi5mbLpK;{day,night};;
si_1zmwQKsmuqinEBO5L8Sn197tyac;{day,night};;2023-01-08
si_1q4NZi5VMYAgbw0DMkbIzaOeegw;"";2021-08-15;
si_1zzFXvHgezviHuUxVrKsvVa65C9;{day,night};;2022-09-25
si_1Q99LpbInhAtiB1DTfvCPoBb7h6;{day,night};;
si_1pyDSAJ4NKW0kwOefjqaBVMI9xU;{day,night};;2022-03-19
si_20upw7Qk2PpdHKcLJsXpJw2d05b;{day,night};;
si_20yQrTtpE3E6USjXCKulXcQ2euW;{day,night};2021-12-15;2022-03-15
si_21FADMNvSqccexwWRi1PJYDFMdW;{day,night};;2022-04-21
si_1PpVHVlsRnpKfFu5jKht477HavG;{day,night};;
si_21KYbJJnon76W7cibIBQu60gomf;{day,night};;
si_1PmNIEYga4mZMuTffmfn9WCW5zE;{day};2019-10-22;2020-01-22
si_21yNZsJC3PmiPoR03ni3BN1GCnb;{day};;2023-01-02
si_223PmyeFTaw6DS3WisIgJ2OUTqC;{day,night};;2022-06-09
si_22Jsx0VwTBQsSqD4rrB2AyNQRoc;{day};;2023-01-12
si_1posDcAxBeIWKD9wmB4GwOz8po6;{day,night};;
si_1pUjblUyriUTQmvbp1NoxpVZijD;{day,night};;2023-05-10
si_1q2VHu06r7t6GACxb0wCDorlY7w;{day,night};;
si_1ow8lIFJCWnuL5o42K1GeIiYXXC;{day,night};;2021-12-18
si_1ofZhg8kk6IgGw24JCC8hjrbqNA;{day,night};;2021-07-18
si_23L2jqELmkzYYmGpzE9EfxdDbfE;{day,night};;2022-07-03
si_23T4xBoPdaC4PlhpXqM36HNoMQe;{day,night};;
si_23XIDFfSrn2JB7GmA83jw87iS4V;{day,night};;2022-12-11
si_24avpZGJIhclKYwD67GJjWGmxhF;{day};;
si_1nt345OGM2Ck2ktFBTGgkthSeI7;{day,night};;2021-05-01
si_24I0T2ubi05FxBXcWPtOIoy869i;{day,night};;
si_24mkRw2w07YqFZTitPhflB5irIT;{day,night};;2022-05-07
si_24otGWy6vWRxuw2mlkBQXiwIOBw;{day,night};;2022-08-08
si_255zz6Aqt2ml4KYeESLBFDXjp7K;{day,night};;2023-05-09
si_256RsfxsIhWC2IkTvPXxrQ4nJoy;{day,night};;
si_1nseoVuPDIQfsfcmgcoW2A8y05a;{day};2021-07-01;2021-12-01
si_1noBP1rTEdB4AOP8M6E1m5lJ7RN;{day,night};;2021-03-18
si_25t801cysGsFHiG5mMLt3VPPtkp;{day,night};;2022-04-03
si_26hdlld76onFlt2hAZDcY6gQvq4;{day,night};;
si_26MzbSFnPLzpwIwGLAInGThv0tZ;{day};;
si_26TW7RtdC2NoRvIEYz4fmasWoB9;{day};;2022-06-16
si_1nezdoQlUYSSi3CWhSUDEbyNuBZ;{day,night};;2021-02-27
si_1nhUlwjtkufVXxxsO9LHVgIRurK;{day};2021-02-28;
si_27R2JpTsqh0n6GNxgikIcqMSKqO;{day,night};;
si_27S6tlUibnVzmKjPZfoE5DNAOr6;{day,night};;
si_27w5wLhjkPe5t9wXSeihGESVxl5;{day};;
si_1n8sT7BAfnlwvI14yN0KLRRO2gL;{night,day};2021-08-10;2021-12-10
si_28KacQrKAOXtB4OkN8fMWIwhqLQ;{day,night};;2023-01-06
si_28Ua12RMiG1Z8qHJOEqQysnv5DD;{day};;2022-05-29
si_1mzUe5pdzX2xUU149q3yj45rVCn;{night,day};;
si_1n7JqCHNQENqXX08RImvIoHZlTj;{night,day};;
si_29tVgPQEqd5MGTI8mtTOfvWdjJe;{day,night};;2023-05-30
si_2AaUBYoxSbSGuNHNUo2uA1eYDOb;{day,night};;2022-09-18
si_1neU6NCVxVhigvaPSWTbPKwDJ6A;{day,night};;
si_1pGWLsVSzt7LxC88aj4X8V4LjZl;{day,night};;2022-05-09
si_1sZhsC8ozLtZ225rDFFf3gfU05o;{day,night};;2022-05-15
si_1meaAjc2GCaDEBuwLwI3j1LLbDU;{day,night};;2022-01-05
UNgRqoI0E75J46pfk;{day};;2020-01-15
vP6MCY2jQk5ekB8BD;{day};;2020-08-29
wGfjw3LITAuiJv3Di;{day,night};;2021-07-25
ZCaYHdXLWhyLzX2Fq;{night};;2021-09-09
si_1m9gJ1Nxj9Tx00eiKap2UbIdQpR;{day,night};;2021-06-03
si_1mbeNlRA6Qb2vI5fulX0V1ENeC2;{day,night};;
si_1m3r7cqdFUXIZMQhPymnkokgvgN;{day,night};;2022-09-08
si_1lPeEivo62th1NvNsKJiNaKRYwb;{day};2021-01-09;2021-12-09
si_1ltLP35fHNTDQUdhIBgwyRwDvNC;{day,night};;
si_1lHivohxTaUENYBwpVzbT4HDVKA;{day,night};;2021-12-06
si_1lCfrIKdo395OhOTnFMZKsaDtW9;{day};;2022-04-01
si_1l7CJJRWrQ2I2jatxdhFeXGvKT4;{day,night};;
si_1l48pAWASuV1YgcnTstnSwKtLOA;{day,night};;
si_1ky5P9rY7ZfsVOA3NUDhastQXtP;{day,night};;2021-10-29
si_1l6jBwJVFHLwKl9aCY9bVLqPa1P;{day,night};;2022-09-03
si_1lNVN7UqLP2GndN0BVeoowNoFJx;{day};;2021-09-25
si_1kKxFrbvWr5PEE6tws6C0GuSKuA;{day,night};2020-12-15;2021-02-15
si_1kF5m7BxIy3axGIfmqE7wsAIJs2;{day};;2023-02-25
si_1knNeA1fQKE0nm30VHQu2ZCb7mT;{day,night};;
si_1juziMua88Mar3fIVaU4y3PSNLC;{day,night};;
si_1juSZZvEvhaRAiYQuO19klBg9lx;{day,night};2021-06-26;2021-12-26
si_1k8tFSmGAUKEnma68WYkmoF9AMD;{day,night};;2021-05-11
si_1krkVZ1ftiY6whR2YX6vLqFrVjN;{day,night};;2021-12-10
si_1jEPONGw6XonItiChkI6ZrmsCQN;{day,night};;
si_1jb72sqMGkQJJhh33dt9gVscAUw;{day,night};;
si_1j5lbL8Jy5o4TnLcO8pANtS4gDA;{night};;2022-01-31
si_1j4Ml0lRvLfBL84xJWwlVRfAuZt;{day,night};2020-12-20;2021-01-20
si_1isQToQToZUDmBdWMeQHOmNxW6j;{day};;
si_1kv5YE3d2d7SMn9R4h0jF4S5L8A;"";2020-12-28;2021-10-28
si_1mt91T9yutYW5lwhMBaO9mlDhYq;{day};;2021-03-10
si_1i8Shx1JHvIRmw4emk2Y1Uw0Occ;{day,night};;
si_1iEEIcYOdLeqxwH662s3ylZkcih;{day,night};;2022-10-28
si_1hvME9VDcOD0XkTfWsUmlH1bvxH;{day,night};;
si_1hSavf75oVnl8iorLDGYGMEcUwG;{day,night};;2020-12-15
si_1h6XM8av5CFljV2ibW4SisAJrfS;"";;
si_1hBcYkd0JuK1V9YKzDZ0NPk2L3P;{day,night};;2020-12-07
si_1fuavnncnSXDVnG2SpS0txGEZDI;{day};;2021-01-10
si_1fHDr19a3N1J4Qu6r4hZwxPMSAn;{day,night};;2022-10-07
si_1fjQTVkFfeByJz2nDPOn2pvcsZs;{day,night};;2020-09-06
si_1eZXGlmEzVTMURLwW0rN2HG2hvz;{day,night};;
si_1ej6EUwOenEwDSUreogwuXiOCZv;{day,night};;2021-07-15
si_1eOgLYVnYgEI11KoSpSZTW6I7Mu;{day,night};2020-08-08;2020-12-08
si_1eF0oxJV4FIa3O2wuyquBaAwGeh;{night};2021-07-04;
si_1ehjnbWYsABS9MCDiHzm2WSsG8d;{day,night};;2021-06-15
si_1e9M7JPPzhcoBRpYCAkXVbqEMmC;{night};;2022-04-16
si_1eVm2VRn3kqPllQwGk1Vu7EtlIz;{day,night};;2021-01-10
si_1mvXhC0MO6tL9W3U3QlfrYHvbnl;{day,night};;
si_1dlqr6wSugVvZzomMlr4vNzvvlK;{day,night};;2020-11-30
si_1dk7Ob8L4Rz9iMCcadymnNPB3sL;{night};;2022-07-02
si_1dI7QVKMZqUi7lJx1KsZnKJiivK;{night};;2022-12-15
si_1dgHXe3o49Nn1AzPvkQG2fxVapO;{day,night};;2021-06-22
si_1diVwjKe8fUBvq8HaEgK30NuVA7;{day};;
si_1daB1piCszzWNPOXfmtqNwCyGBN;{day,night};;2020-09-29
si_1czt8t2ZMUEHxAsTMxxUDEWOSwM;{day,night};;
si_1dd2j9t4dzJ9bkUeNwHmkusUOfT;{day,night};;2020-09-21
si_1bxnR9mYnQgSz9FEOFmUEIPPqXq;{day,night};;2020-09-15
si_1bXh91dahUoUWil1CVDL7N8aUkh;{day,night};;2021-09-29
si_1cpVcbj7KANRzNqfh2mrF0SBJqq;{day,night};;2022-07-15
si_1dENgylR4z0TRqK73iN851rYVTZ;{day,night};;2020-07-15
si_1bqi7jNRNCacpHSj3kAK4Y5GWNH;{day,night};;2020-09-13
si_1bnacgTu1W7zCwK2s0gGxXsJaCK;{day};;2021-01-12
si_1bFXiSiMPhYPqtAI8x9lBwtlDwl;{day,night};;2021-03-30
si_1biWDIyl3XTaAKGScjHQEXtiHaG;{day,night};;2020-08-10
si_1aX9yAPiDAXcqzNHcxfDJWaEwrs;{night};2022-05-09;2022-11-09
si_1b1fLGelHybRbwJhwbHBofv3c1W;{day,night};;
si_1atQmIqX8q59Uyh1ArXj1knpZie;{day,night};;2020-09-22
si_1aOZvpXfJFjrYN84Evd2cj9aKzc;{day,night};;2020-09-11
si_1bRwVRNFbcb4fUeBsHasLQcLQlX;{day};2021-09-21;
si_1aDHjQpgMB4M822WLXJEtO5rotI;{day,night};2020-06-07;2021-03-07
si_1a2RQwvdteIDKaeU0PZBE3y2rte;{day,night};;
SF1CRKMw9pfxGmYKE;{day};;
p8elcbVkZ4sdx3A05;{night,day};;
oBNa4cwxRm91xRriZ;{day,night};;
nnOv6Q9wUFvMhwvyC;{night};;
m08v8FVW5nil3jvoh;{day,night};;2022-07-17
si_1agLvQ1spL7duXcxekMzVNUkbez;{day,night};2020-09-17;
L3eK6wimA43yPllrx;{day,night};;
Ha2uPBmDGlP8llbIC;{day,night};;2020-07-20
ItNHdOagw5J7XTaUD;{night};;2021-08-14
G4heF4ZbcCQXgoyGb;{day,night};;
DiJm8hDqPUW5ENIq0;{day,night};;2020-05-29
gcTHGbhXDnQDbFJhs;{day,night};;2020-09-16
lCQDMfKhFrZVrDTHi;{day};;
b9pipLngWeddxL5RW;{day,night};2020-08-05;2020-09-05
BitfMnLK4kYH8DCkP;{day,night};;2023-07-20
8JLilARsjZbeGL9vw;{day,night};2019-08-08;2020-08-08
7hKEEwJ7C6GIZhXGF;{day,night};;2022-09-04
94xHdjRTQleUXBgT5;{day,night};2020-10-21;
6AIKnNcTmqpvVcbLV;{day,night};;2020-11-10
6oZyu1ahcXaDUvJGU;{day,night};;2020-09-16
cKYUaPkgIxuM5ZDVN;{day,night};;2022-12-25
3muocPrHFXdTWDbAE;;;
3mu8mrFDkp8AravEf;;;
3fhD9B2FGPJuzfxNX;;;
3mttM3smDYJM76qUm;;;
3mmui9MVBioiglPjD;;;
3fh8RuJo3uxyoWn4b;;;
3ctSaJLBJvd5H88mC;;;
3mmtZH4mnhqavjKdp;;;
3mLmfQ4SW9y0d9RhQ;;;
3FGumjQQzXHd9nKtY;;;
3MLIsYIH2qbcTIoWv;;;
3mKU6xTarpluPAVen;{day,night};;
3fgFjAMgBEFwhYF2Q;;;
3CTNnVFGbaQxVwqq9;;;
3bdknKSamMZxr8so6;;;
3MJLL5vtBmGGxwPaE;;;
3mJB26SjaY2i4WoZ0;;;
3FGFf5PNqGqLwNmxt;"";;
3MJAzP5gTEjS5kQdh;;;
3mj9Qf4Pv2MJJtBfu;;;
F5ybnyWCAkaCXjdSs;;;
3ctfKniKGSBoiqmki;;;
3mIxt60HegncvAGgE;;;
3Mif4kDJSmbv5Dxn5;;;
3f32MxzNFX4f4Ap4b;;;
3miDYY9YXTBqXjcC8;;;
3mHJ1j9OUYyxMDPBl;;;
3EZZMQRehQmpYjHED;;;
3cTaREErBpbKHqqqW;;;
3bDfPySty9bB6MGLY;;;
3AJALKa997KPpXfLD;{day,night};;2023-07-04
3mHbWZMbrqCfyatqP;;;
3MglRecn48MOlGN2D;;;
3eZlNc0Em1H088RLt;;;
3mgKjgnvtZPfGChoz;;;
3mGajcnku7s8pn9Dy;;;
3eyT5mXxmuQ6tJNpX;;;
3cspigtVUsx5pslQj;{day,night};;2020-11-11
3MG3psWvNFjjCShHu;;;
3MFaPBNzbFgj7ZSkp;;;
3eYPXxiz4abaP7Qya;;;
3meT2NBtdAfQMAwZx;;;
3MerbEv3HemteZ94L;;;
3eyK2D3WdAFF71T5u;;;
3Cskn7AktN5q45PE7;;;
3bCQcp9bGpSYBvmbs;;;
3Meo5uTqaShSCXMYs;{day,night};;2020-11-11
3ME40Aqflhdlyn6uB;;;
3EXk5Lxb7YmzThySv;;;
3M2jLq5ZSW0vnrwZw;;;
3LZizNMQwnB5zaqWS;;;
3eWP6dnu0QKZdi7m9;;;
3cSKGDYXp5Gyc4yqJ;;;
3LYxPv5FHYCOgQwv7;{day};;2020-07-04
42SP7EiKTZTvBRREC;;;
3LYQXbSwtBtTn8KdJ;;;
3LyHyG3sXcrmnwdYy;;;
3LYAmHKkiT6tbKwjd;;;
3eWGYGsj5AuFo7Nsg;;;
3CRpdRyP9eMhcshrj;{day};;2020-05-28
3BCfDDqyquQsiHwZK;;;
3bL9TzE4WyAjtr8ph;;;
31sSmSprv8qHZWEBo;;;
3Ly3YCDQfeCzECTFJ;;;
3LWjfH2dm824rv6cZ;;;
3evZrLxicLq3pzjBF;;;
3LvSFrreMKRFpyNmE;;;
3lVhw8rKpHPb19QcC;;;
3EvfN2TJQ5gFrEjyE;;;
3CRBB2qgho7Vnyknw;{day};2019-11-24;2020-09-24
3LurRAif2vTv4Ajg9;;;
3LRuyHbQdDvEtCr88;;;
3EuSZWrnwoHAB2Cs8;;;
3LRguhEhs7CLb4XVx;;;
3LRbpZTW7HFN3oVgO;;;
3EtZYPjESxdHQmfit;;;
3CR2wLXTSEbD4MeqF;{day,night};;
3bCACtWz3gbyAh4Nb;;;
3LQYY6xxFYwutsEzk;;;
3LQYHUHjnGGqCpnmS;;;
3eTGw8bDJsdoewa3E;;;
3LQT8KJGGgCb5R94w;;;
5TngZm9pctf5WPro7;;;
3Esnz4eSeqHZQnkQ6;;;
3CQkNABGaZXG34DuX;;;
3Lq8GyokWnkf69KWb;;;
3LCP863mBqpB84WZp;;;
3eSDFGuhA3QEQCCAC;;;
3LcmsDec9KJyR2MNv;;;
3LcLeTQX5rMcj9RNK;{day};;2019-12-24
3ejoaDwkAL6bpDcux;{day,night};;
3CQa0HuRauWiQFoaJ;;;
3bc5n3kajGbu2Pfxp;;;
3aDi5hBY2CMauGXsi;;;
3LbweRLDojYZO3y4N;;;
3LBqnSoTUvMYCdE37;;;
3ejCALCMEgXAPp4by;;;
3LbboKjNp28oxjJyy;;;
3LabiwSvRdnmQy9Yw;{day};;2022-08-06
3EI6P7T73a66qSGMc;;;
3cpjWag2ENtcWi5EZ;;;
3L9QgUudP1ff5TVdk;;;
3L94ZgHhdnF1IBy40;;;
3ei22TDH0g9Vx9440;;;
3L6nTWWKpVBZrPPnB;;;
3L4Dkqe2DJ9cpgBct;;;
3EhQhFtMipxmqfqDC;;;
3cPCxmxATp85enPTf;;;
3BBWfYYJNxatE29AA;;;
3z6Lu62DiN63yPhJR;;;
3z6CmdfjgMzkGtdX3;;;
3L3NMzksWKTeMGjfa;;;
3z5GSiZCNGhHKwidX;{day};;
3Z8mC5HCnKFPnLrrC;{day,night};;
3Zb5vSFh1fivEyyLV;;;
3zbopQ2u7ZvRA8KjC;;;
3zbsApxTYsJzc62jM;;;
3ZD4RfHWojK44Zsxi;;;
3ZDotyy3jSPM2SJ6y;{day};;2021-04-05
3zdXs5Nmx8h6L9heN;;;
3ze5vKGHirMz3mWnr;;;
3zE8xJ3oprgh2K7TJ;{day,night};;2019-10-09
3ZeE1aKuGn8tgFO9l;;;
3ZEt2usy0tJGi0QaJ;{day,night};;2020-07-09
3ZFAMB2g8PCPNi6k2;;;
3ZFbtJTgD83Jck2io;{day};;2020-12-11
3ZFbzAK6F5CppiHb4;;;
415VTtTQWSZ6tIUvd;;;
3zPPm2BpiEwkop2m4;;;
3zppRWyGeW7yR3LMT;"";;
3ZrHJHTpGbwbaCWSQ;;;
3ZrJ9GoWGFJ65ZQce;;;
3ZRKzCkJnyrgBD9PH;;;
3ZRvfEuS3yCLCprCi;;;
3ZtSo43NNPSw7XSWX;;;
3ZUZwyUHfDZ4Y3Uw3;{night};;2020-01-15
3zwknr9HojPDfGJ6p;;;
3zWuK9PRG9n4RmjLG;;;
3zx2L4Aiv2tQEAQWz;;;
3Zx4jdpfqdLSShtEe;;;
3ZXAwoFxxhSmdhFGD;;;
3zXicZS3CQuBumsG6;;;
3zyaYX2iPMAkJsmWR;;;
3zyme9eva6aSwan7R;;;
3ZzBi7uH8uoteuAKk;;;
3ZZM73azKJKqFy6hz;;;
3zZMRrEkTpDLQyzKC;;;
402wBAjIKNVaf1MZg;;;
41aeTUkVAx3IKvCDe;;;
41AIO7NSeCwb5A9xd;{day,night};;
41AM3oiLoBXN03EKk;;;
41cR5KgBtnuxPblHT;;;
41DqIKhfuobS52KSM;;;
41eL3jGkQQ8kqLWuq;{day};;2020-08-17
41fsq8I7QLB33MREf;;;
41hBlIUvZcDo2eP65;;;
41PcGGDuuYPElGdfr;{day,night};;
41PFLEKCNh3bCQIeA;;;
424jib7MkjECo2LWh;;;
426jz2dLM8YNbdMk9;;;
427RNAndTvQnr9fmR;{day,night};;2021-10-12
42aDy2SuxYHxh8Sgq;;;
42Aflr7LvyW8C9bRw;;;
42rD9uEoLTzoacb7o;;;
42rE5SrR8KSaMXrc7;{day,night};;2020-06-26
52X5HLbzoDzCmvNM4;;;
42tK7XKciMtRwwdiQ;{day,night};;2020-08-16
42TsdXhalh2bkDekS;;;
42TtEj5dpxWNcgjCF;;;
42vC5oovZn8vfRaK9;;;
42vFiARrUwhb5oDCi;;;
42w44kdNHMznqN8bN;;;
42wan8q86dC5PWSL7;;;
42XkuCyFAN3LRa8bM;;;
42YCEiDvz5EoMrgnQ;"";;2020-07-29
42ZtJ3MZkpBPfduHK;;;
431mhrEadCkOeuDAC;;;
433DRCpurDvTAYrPG;{day,night};;
43KZdgo6sSoDrgWY8;;;
43lbod8he9GxmyEHd;;;
43o7VZhg82WGdb1Nt;;;
43oCMiuc1183542Ku;{day};;2020-10-31
43ouA1P1HHydFJlGx;;;
43oXwJogZ86uvxufy;;;
